-- phpMyAdmin SQL Dump
-- version 4.7.4
-- https://www.phpmyadmin.net/
--
-- Host: 127.0.0.1:3306
-- Generation Time: 01-Out-2018 às 22:38
-- Versão do servidor: 5.7.19
-- PHP Version: 7.0.23

SET SQL_MODE = "NO_AUTO_VALUE_ON_ZERO";
SET AUTOCOMMIT = 0;
START TRANSACTION;
SET time_zone = "+00:00";


/*!40101 SET @OLD_CHARACTER_SET_CLIENT=@@CHARACTER_SET_CLIENT */;
/*!40101 SET @OLD_CHARACTER_SET_RESULTS=@@CHARACTER_SET_RESULTS */;
/*!40101 SET @OLD_COLLATION_CONNECTION=@@COLLATION_CONNECTION */;
/*!40101 SET NAMES utf8mb4 */;

--
-- Database: `rvschool`
--

-- --------------------------------------------------------

--
-- Estrutura da tabela `alunos`
--

DROP TABLE IF EXISTS `alunos`;
CREATE TABLE IF NOT EXISTS `alunos` (
  `id` int(11) NOT NULL AUTO_INCREMENT,
  `matricula` varchar(10) CHARACTER SET utf8 DEFAULT NULL,
  `nome` varchar(100) CHARACTER SET utf8 NOT NULL,
  `rg` varchar(15) CHARACTER SET utf8 DEFAULT NULL,
  `cpf` varchar(50) CHARACTER SET utf8 DEFAULT NULL,
  `dataNasc` date NOT NULL,
  `estadoCivil` varchar(100) CHARACTER SET utf8 DEFAULT NULL,
  `sexo` varchar(100) CHARACTER SET utf8 DEFAULT NULL,
  `profissao` varchar(50) CHARACTER SET utf8 DEFAULT NULL,
  `escolaridade` varchar(50) CHARACTER SET utf8 DEFAULT NULL,
  `midia` varchar(50) CHARACTER SET utf8 DEFAULT NULL,
  `cep` varchar(100) CHARACTER SET utf8 DEFAULT NULL,
  `logradouro` varchar(100) CHARACTER SET utf8 NOT NULL,
  `numeroCasa` int(5) NOT NULL,
  `complemento` varchar(255) CHARACTER SET utf8 DEFAULT NULL,
  `cidade` varchar(100) CHARACTER SET utf8 NOT NULL,
  `bairro` varchar(100) CHARACTER SET utf8 NOT NULL,
  `email` varchar(100) CHARACTER SET utf8 DEFAULT NULL,
  `telefone` varchar(100) CHARACTER SET utf8 DEFAULT NULL,
  `celular` varchar(100) CHARACTER SET utf8 DEFAULT NULL,
  `banco` varchar(100) CHARACTER SET utf8 DEFAULT NULL,
  `agencia` varchar(150) CHARACTER SET utf8 DEFAULT NULL,
  `conta` varchar(100) CHARACTER SET utf8 DEFAULT NULL,
  `codigoClienteBanco` varchar(100) CHARACTER SET utf8 DEFAULT NULL,
  `bolsa` int(11) DEFAULT NULL,
  `inadimplencia` tinyint(1) DEFAULT NULL,
  `observacoes` text,
  `avatar` varchar(15) CHARACTER SET utf8 DEFAULT NULL,
  `ativo` tinyint(1) DEFAULT '1',
  PRIMARY KEY (`id`),
  UNIQUE KEY `matricula` (`matricula`),
  KEY `bolsa` (`bolsa`)
) ENGINE=InnoDB DEFAULT CHARSET=latin1;

-- --------------------------------------------------------

--
-- Estrutura da tabela `aulas`
--

DROP TABLE IF EXISTS `aulas`;
CREATE TABLE IF NOT EXISTS `aulas` (
  `IdAula` int(11) NOT NULL AUTO_INCREMENT,
  `Data` date NOT NULL,
  `Numero` int(11) NOT NULL,
  `Pagina` int(11) DEFAULT NULL,
  `Conteudo` varchar(100) DEFAULT NULL,
  `Dictation` int(11) DEFAULT NULL,
  `Reading` int(11) DEFAULT NULL,
  `IdProgramacaoEstagio` int(11) NOT NULL,
  `Professor` int(11) DEFAULT NULL,
  `IdTurma` int(11) NOT NULL,
  PRIMARY KEY (`IdAula`),
  KEY `IdProgramacaoEstagio_idx` (`IdProgramacaoEstagio`),
  KEY `Pagina_idx` (`Pagina`),
  KEY `IdProfessor_idx` (`Professor`),
  KEY `IdTurma_idx` (`IdTurma`)
) ENGINE=InnoDB AUTO_INCREMENT=487 DEFAULT CHARSET=utf8;

--
-- Extraindo dados da tabela `aulas`
--

INSERT INTO `aulas` (`IdAula`, `Data`, `Numero`, `Pagina`, `Conteudo`, `Dictation`, `Reading`, `IdProgramacaoEstagio`, `Professor`, `IdTurma`) VALUES
(1, '2018-10-01', 1, NULL, NULL, NULL, NULL, 1, NULL, 2),
(2, '2018-10-02', 2, NULL, NULL, NULL, NULL, 2, NULL, 2),
(3, '2018-10-03', 3, NULL, NULL, NULL, NULL, 3, NULL, 2),
(4, '2018-10-04', 4, NULL, NULL, NULL, NULL, 4, NULL, 2),
(5, '2018-10-05', 5, NULL, NULL, NULL, NULL, 5, NULL, 2),
(6, '2018-10-08', 6, NULL, NULL, NULL, NULL, 6, NULL, 2),
(7, '2018-10-09', 7, NULL, NULL, NULL, NULL, 7, NULL, 2),
(8, '2018-10-10', 8, NULL, NULL, NULL, NULL, 8, NULL, 2),
(9, '2018-10-11', 9, NULL, NULL, NULL, NULL, 9, NULL, 2),
(10, '2018-10-12', 10, NULL, NULL, NULL, NULL, 10, NULL, 2),
(11, '2018-10-15', 11, NULL, NULL, NULL, NULL, 11, NULL, 2),
(12, '2018-10-16', 12, NULL, NULL, NULL, NULL, 12, NULL, 2),
(13, '2018-10-17', 13, NULL, NULL, NULL, NULL, 13, NULL, 2),
(14, '2018-10-18', 14, NULL, NULL, NULL, NULL, 14, NULL, 2),
(15, '2018-10-19', 15, NULL, NULL, NULL, NULL, 15, NULL, 2),
(16, '2018-10-22', 16, NULL, NULL, NULL, NULL, 16, NULL, 2),
(17, '2018-10-23', 17, NULL, NULL, NULL, NULL, 17, NULL, 2),
(18, '2018-10-24', 18, NULL, NULL, NULL, NULL, 18, NULL, 2),
(19, '2018-10-25', 1, NULL, NULL, NULL, NULL, 19, NULL, 2),
(20, '2018-10-26', 2, NULL, NULL, NULL, NULL, 20, NULL, 2),
(21, '2018-10-29', 3, NULL, NULL, NULL, NULL, 21, NULL, 2),
(22, '2018-10-30', 4, NULL, NULL, NULL, NULL, 22, NULL, 2),
(23, '2018-10-31', 5, NULL, NULL, NULL, NULL, 23, NULL, 2),
(24, '2018-11-01', 6, NULL, NULL, NULL, NULL, 24, NULL, 2),
(25, '2018-11-02', 7, NULL, NULL, NULL, NULL, 25, NULL, 2),
(26, '2018-11-05', 8, NULL, NULL, NULL, NULL, 26, NULL, 2),
(27, '2018-11-06', 9, NULL, NULL, NULL, NULL, 27, NULL, 2),
(28, '2018-11-07', 10, NULL, NULL, NULL, NULL, 28, NULL, 2),
(29, '2018-11-08', 11, NULL, NULL, NULL, NULL, 29, NULL, 2),
(30, '2018-11-09', 12, NULL, NULL, NULL, NULL, 30, NULL, 2),
(31, '2018-11-12', 13, NULL, NULL, NULL, NULL, 31, NULL, 2),
(32, '2018-11-13', 14, NULL, NULL, NULL, NULL, 32, NULL, 2),
(33, '2018-11-14', 15, NULL, NULL, NULL, NULL, 33, NULL, 2),
(34, '2018-11-15', 16, NULL, NULL, NULL, NULL, 34, NULL, 2),
(35, '2018-11-16', 17, NULL, NULL, NULL, NULL, 35, NULL, 2),
(36, '2018-11-19', 18, NULL, NULL, NULL, NULL, 36, NULL, 2),
(37, '2018-11-20', 19, NULL, NULL, NULL, NULL, 37, NULL, 2),
(38, '2018-11-21', 20, NULL, NULL, NULL, NULL, 38, NULL, 2),
(39, '2018-11-22', 21, NULL, NULL, NULL, NULL, 39, NULL, 2),
(40, '2018-11-23', 22, NULL, NULL, NULL, NULL, 40, NULL, 2),
(41, '2018-11-26', 23, NULL, NULL, NULL, NULL, 41, NULL, 2),
(42, '2018-11-27', 24, NULL, NULL, NULL, NULL, 42, NULL, 2),
(43, '2018-11-28', 25, NULL, NULL, NULL, NULL, 43, NULL, 2),
(44, '2018-11-29', 1, NULL, NULL, NULL, NULL, 52, NULL, 2),
(45, '2018-11-30', 2, NULL, NULL, NULL, NULL, 53, NULL, 2),
(46, '2018-12-03', 3, NULL, NULL, NULL, NULL, 54, NULL, 2),
(47, '2018-12-04', 4, NULL, NULL, NULL, NULL, 55, NULL, 2),
(48, '2018-12-05', 5, NULL, NULL, NULL, NULL, 56, NULL, 2),
(49, '2018-12-06', 6, NULL, NULL, NULL, NULL, 57, NULL, 2),
(50, '2018-12-07', 7, NULL, NULL, NULL, NULL, 58, NULL, 2),
(51, '2018-12-10', 8, NULL, NULL, NULL, NULL, 59, NULL, 2),
(52, '2018-12-11', 9, NULL, NULL, NULL, NULL, 60, NULL, 2),
(53, '2018-12-12', 10, NULL, NULL, NULL, NULL, 61, NULL, 2),
(54, '2018-12-13', 11, NULL, NULL, NULL, NULL, 62, NULL, 2),
(55, '2018-12-14', 12, NULL, NULL, NULL, NULL, 63, NULL, 2),
(56, '2018-12-17', 13, NULL, NULL, NULL, NULL, 64, NULL, 2),
(57, '2018-12-18', 14, NULL, NULL, NULL, NULL, 65, NULL, 2),
(58, '2018-12-19', 15, NULL, NULL, NULL, NULL, 66, NULL, 2),
(59, '2018-12-20', 16, NULL, NULL, NULL, NULL, 67, NULL, 2),
(60, '2018-12-21', 17, NULL, NULL, NULL, NULL, 68, NULL, 2),
(61, '2018-12-24', 18, NULL, NULL, NULL, NULL, 69, NULL, 2),
(62, '2018-12-25', 19, NULL, NULL, NULL, NULL, 70, NULL, 2),
(63, '2018-12-26', 20, NULL, NULL, NULL, NULL, 71, NULL, 2),
(64, '2018-12-27', 21, NULL, NULL, NULL, NULL, 72, NULL, 2),
(65, '2018-12-28', 22, NULL, NULL, NULL, NULL, 73, NULL, 2),
(66, '2018-12-31', 23, NULL, NULL, NULL, NULL, 74, NULL, 2),
(67, '2019-01-01', 24, NULL, NULL, NULL, NULL, 75, NULL, 2),
(68, '2019-01-02', 25, NULL, NULL, NULL, NULL, 76, NULL, 2),
(69, '2019-01-03', 26, NULL, NULL, NULL, NULL, 77, NULL, 2),
(70, '2019-01-04', 27, NULL, NULL, NULL, NULL, 78, NULL, 2),
(71, '2019-01-07', 28, NULL, NULL, NULL, NULL, 79, NULL, 2),
(72, '2019-01-08', 29, NULL, NULL, NULL, NULL, 80, NULL, 2),
(73, '2019-01-09', 31, NULL, NULL, NULL, NULL, 81, NULL, 2),
(74, '2019-01-10', 32, NULL, NULL, NULL, NULL, 82, NULL, 2),
(75, '2019-01-11', 33, NULL, NULL, NULL, NULL, 83, NULL, 2),
(76, '2019-01-14', 34, NULL, NULL, NULL, NULL, 84, NULL, 2),
(77, '2019-01-15', 35, NULL, NULL, NULL, NULL, 85, NULL, 2),
(78, '2019-01-16', 36, NULL, NULL, NULL, NULL, 86, NULL, 2),
(79, '2019-01-17', 37, NULL, NULL, NULL, NULL, 87, NULL, 2),
(80, '2019-01-18', 38, NULL, NULL, NULL, NULL, 88, NULL, 2),
(81, '2019-01-21', 1, NULL, NULL, NULL, NULL, 89, NULL, 2),
(82, '2019-01-22', 2, NULL, NULL, NULL, NULL, 90, NULL, 2),
(83, '2019-01-23', 3, NULL, NULL, NULL, NULL, 91, NULL, 2),
(84, '2019-01-24', 4, NULL, NULL, NULL, NULL, 92, NULL, 2),
(85, '2019-01-25', 5, NULL, NULL, NULL, NULL, 93, NULL, 2),
(86, '2019-01-28', 6, NULL, NULL, NULL, NULL, 94, NULL, 2),
(87, '2019-01-29', 7, NULL, NULL, NULL, NULL, 95, NULL, 2),
(88, '2019-01-30', 8, NULL, NULL, NULL, NULL, 96, NULL, 2),
(89, '2019-01-31', 9, NULL, NULL, NULL, NULL, 97, NULL, 2),
(90, '2019-02-01', 10, NULL, NULL, NULL, NULL, 98, NULL, 2),
(91, '2019-02-04', 11, NULL, NULL, NULL, NULL, 99, NULL, 2),
(92, '2019-02-05', 12, NULL, NULL, NULL, NULL, 100, NULL, 2),
(93, '2019-02-06', 13, NULL, NULL, NULL, NULL, 101, NULL, 2),
(94, '2019-02-07', 14, NULL, NULL, NULL, NULL, 102, NULL, 2),
(95, '2019-02-08', 15, NULL, NULL, NULL, NULL, 103, NULL, 2),
(96, '2019-02-11', 16, NULL, NULL, NULL, NULL, 104, NULL, 2),
(97, '2019-02-12', 17, NULL, NULL, NULL, NULL, 105, NULL, 2),
(98, '2019-02-13', 18, NULL, NULL, NULL, NULL, 106, NULL, 2),
(99, '2019-02-14', 19, NULL, NULL, NULL, NULL, 107, NULL, 2),
(100, '2019-02-15', 20, NULL, NULL, NULL, NULL, 108, NULL, 2),
(101, '2019-02-18', 21, NULL, NULL, NULL, NULL, 109, NULL, 2),
(102, '2019-02-19', 22, NULL, NULL, NULL, NULL, 110, NULL, 2),
(103, '2019-02-20', 23, NULL, NULL, NULL, NULL, 111, NULL, 2),
(104, '2019-02-21', 24, NULL, NULL, NULL, NULL, 112, NULL, 2),
(105, '2019-02-22', 25, NULL, NULL, NULL, NULL, 113, NULL, 2),
(106, '2019-02-25', 26, NULL, NULL, NULL, NULL, 114, NULL, 2),
(107, '2019-02-26', 27, NULL, NULL, NULL, NULL, 115, NULL, 2),
(108, '2019-02-27', 28, NULL, NULL, NULL, NULL, 116, NULL, 2),
(109, '2019-02-28', 29, NULL, NULL, NULL, NULL, 117, NULL, 2),
(110, '2019-03-01', 30, NULL, NULL, NULL, NULL, 118, NULL, 2),
(111, '2019-03-04', 31, NULL, NULL, NULL, NULL, 119, NULL, 2),
(112, '2019-03-05', 32, NULL, NULL, NULL, NULL, 120, NULL, 2),
(113, '2019-03-06', 33, NULL, NULL, NULL, NULL, 121, NULL, 2),
(114, '2019-03-07', 34, NULL, NULL, NULL, NULL, 122, NULL, 2),
(115, '2019-03-08', 35, NULL, NULL, NULL, NULL, 123, NULL, 2),
(116, '2019-03-11', 36, NULL, NULL, NULL, NULL, 124, NULL, 2),
(117, '2019-03-12', 37, NULL, NULL, NULL, NULL, 125, NULL, 2),
(118, '2019-03-13', 38, NULL, NULL, NULL, NULL, 126, NULL, 2),
(119, '2019-03-14', 39, NULL, NULL, NULL, NULL, 127, NULL, 2),
(120, '2019-03-15', 40, NULL, NULL, NULL, NULL, 128, NULL, 2),
(121, '2019-03-18', 41, NULL, NULL, NULL, NULL, 129, NULL, 2),
(122, '2019-03-19', 42, NULL, NULL, NULL, NULL, 130, NULL, 2),
(123, '2019-03-20', 43, NULL, NULL, NULL, NULL, 131, NULL, 2),
(124, '2019-03-21', 44, NULL, NULL, NULL, NULL, 132, NULL, 2),
(125, '2019-03-22', 45, NULL, NULL, NULL, NULL, 133, NULL, 2),
(126, '2019-03-25', 46, NULL, NULL, NULL, NULL, 134, NULL, 2),
(127, '2019-03-26', 47, NULL, NULL, NULL, NULL, 135, NULL, 2),
(128, '2019-03-27', 1, NULL, NULL, NULL, NULL, 136, NULL, 2),
(129, '2019-03-28', 2, NULL, NULL, NULL, NULL, 137, NULL, 2),
(130, '2019-03-29', 3, NULL, NULL, NULL, NULL, 138, NULL, 2),
(131, '2019-04-01', 4, NULL, NULL, NULL, NULL, 139, NULL, 2),
(132, '2019-04-02', 5, NULL, NULL, NULL, NULL, 140, NULL, 2),
(133, '2019-04-03', 6, NULL, NULL, NULL, NULL, 141, NULL, 2),
(134, '2019-04-04', 7, NULL, NULL, NULL, NULL, 142, NULL, 2),
(135, '2019-04-05', 8, NULL, NULL, NULL, NULL, 143, NULL, 2),
(136, '2019-04-08', 9, NULL, NULL, NULL, NULL, 144, NULL, 2),
(137, '2019-04-09', 10, NULL, NULL, NULL, NULL, 145, NULL, 2),
(138, '2019-04-10', 11, NULL, NULL, NULL, NULL, 146, NULL, 2),
(139, '2019-04-11', 12, NULL, NULL, NULL, NULL, 147, NULL, 2),
(140, '2019-04-12', 13, NULL, NULL, NULL, NULL, 148, NULL, 2),
(141, '2019-04-15', 14, NULL, NULL, NULL, NULL, 149, NULL, 2),
(142, '2019-04-16', 15, NULL, NULL, NULL, NULL, 150, NULL, 2),
(143, '2019-04-17', 16, NULL, NULL, NULL, NULL, 151, NULL, 2),
(144, '2019-04-18', 17, NULL, NULL, NULL, NULL, 152, NULL, 2),
(145, '2019-04-19', 18, NULL, NULL, NULL, NULL, 153, NULL, 2),
(146, '2019-04-22', 19, NULL, NULL, NULL, NULL, 154, NULL, 2),
(147, '2019-04-23', 20, NULL, NULL, NULL, NULL, 155, NULL, 2),
(148, '2019-04-24', 21, NULL, NULL, NULL, NULL, 156, NULL, 2),
(149, '2019-04-25', 22, NULL, NULL, NULL, NULL, 157, NULL, 2),
(150, '2019-04-26', 23, NULL, NULL, NULL, NULL, 158, NULL, 2),
(151, '2019-04-29', 24, NULL, NULL, NULL, NULL, 159, NULL, 2),
(152, '2019-04-30', 25, NULL, NULL, NULL, NULL, 160, NULL, 2),
(153, '2019-05-01', 26, NULL, NULL, NULL, NULL, 161, NULL, 2),
(154, '2019-05-02', 27, NULL, NULL, NULL, NULL, 162, NULL, 2),
(155, '2019-05-03', 28, NULL, NULL, NULL, NULL, 163, NULL, 2),
(156, '2019-05-06', 29, NULL, NULL, NULL, NULL, 164, NULL, 2),
(157, '2019-05-07', 30, NULL, NULL, NULL, NULL, 165, NULL, 2),
(158, '2019-05-08', 31, NULL, NULL, NULL, NULL, 166, NULL, 2),
(159, '2019-05-09', 32, NULL, NULL, NULL, NULL, 167, NULL, 2),
(160, '2019-05-10', 33, NULL, NULL, NULL, NULL, 168, NULL, 2),
(161, '2019-05-13', 34, NULL, NULL, NULL, NULL, 169, NULL, 2),
(162, '2019-05-14', 35, NULL, NULL, NULL, NULL, 170, NULL, 2),
(163, '2019-05-15', 36, NULL, NULL, NULL, NULL, 171, NULL, 2),
(164, '2019-05-16', 37, NULL, NULL, NULL, NULL, 172, NULL, 2),
(165, '2019-05-17', 38, NULL, NULL, NULL, NULL, 173, NULL, 2),
(166, '2019-05-20', 39, NULL, NULL, NULL, NULL, 174, NULL, 2),
(167, '2019-05-21', 40, NULL, NULL, NULL, NULL, 175, NULL, 2),
(168, '2019-05-22', 41, NULL, NULL, NULL, NULL, 176, NULL, 2),
(169, '2019-05-23', 42, NULL, NULL, NULL, NULL, 177, NULL, 2),
(170, '2019-05-24', 43, NULL, NULL, NULL, NULL, 178, NULL, 2),
(171, '2019-05-27', 1, 419, 'Test', 1, 1, 179, 58, 2),
(172, '2019-05-28', 2, NULL, NULL, NULL, NULL, 180, NULL, 2),
(173, '2019-05-29', 3, NULL, NULL, NULL, NULL, 181, NULL, 2),
(174, '2019-05-30', 4, NULL, NULL, NULL, NULL, 182, NULL, 2),
(175, '2019-05-31', 5, NULL, NULL, NULL, NULL, 183, NULL, 2),
(176, '2019-06-03', 6, NULL, NULL, NULL, NULL, 184, NULL, 2),
(177, '2019-06-04', 7, NULL, NULL, NULL, NULL, 185, NULL, 2),
(178, '2019-06-05', 8, NULL, NULL, NULL, NULL, 186, NULL, 2),
(179, '2019-06-06', 9, NULL, NULL, NULL, NULL, 187, NULL, 2),
(180, '2019-06-07', 10, NULL, NULL, NULL, NULL, 188, NULL, 2),
(181, '2019-06-10', 11, NULL, NULL, NULL, NULL, 189, NULL, 2),
(182, '2019-06-11', 12, NULL, NULL, NULL, NULL, 190, NULL, 2),
(183, '2019-06-12', 13, NULL, NULL, NULL, NULL, 191, NULL, 2),
(184, '2019-06-13', 14, NULL, NULL, NULL, NULL, 192, NULL, 2),
(185, '2019-06-14', 15, NULL, NULL, NULL, NULL, 193, NULL, 2),
(186, '2019-06-17', 16, NULL, NULL, NULL, NULL, 194, NULL, 2),
(187, '2019-06-18', 17, NULL, NULL, NULL, NULL, 195, NULL, 2),
(188, '2019-06-19', 18, NULL, NULL, NULL, NULL, 196, NULL, 2),
(189, '2019-06-20', 19, NULL, NULL, NULL, NULL, 197, NULL, 2),
(190, '2019-06-21', 20, NULL, NULL, NULL, NULL, 198, NULL, 2),
(191, '2019-06-24', 21, NULL, NULL, NULL, NULL, 199, NULL, 2),
(192, '2019-06-25', 22, NULL, NULL, NULL, NULL, 200, NULL, 2),
(193, '2019-06-26', 23, NULL, NULL, NULL, NULL, 201, NULL, 2),
(194, '2019-06-27', 24, NULL, NULL, NULL, NULL, 202, NULL, 2),
(195, '2019-06-28', 25, NULL, NULL, NULL, NULL, 203, NULL, 2),
(196, '2019-07-01', 26, NULL, NULL, NULL, NULL, 204, NULL, 2),
(197, '2019-07-02', 27, NULL, NULL, NULL, NULL, 205, NULL, 2),
(198, '2019-07-03', 28, NULL, NULL, NULL, NULL, 206, NULL, 2),
(199, '2019-07-04', 29, NULL, NULL, NULL, NULL, 207, NULL, 2),
(200, '2019-07-05', 30, NULL, NULL, NULL, NULL, 208, NULL, 2),
(201, '2019-07-08', 31, NULL, NULL, NULL, NULL, 209, NULL, 2),
(202, '2019-07-09', 32, NULL, NULL, NULL, NULL, 210, NULL, 2),
(203, '2019-07-10', 33, NULL, NULL, NULL, NULL, 211, NULL, 2),
(204, '2019-07-11', 34, NULL, NULL, NULL, NULL, 212, NULL, 2),
(205, '2019-07-12', 35, NULL, NULL, NULL, NULL, 213, NULL, 2),
(206, '2019-07-15', 36, NULL, NULL, NULL, NULL, 214, NULL, 2),
(207, '2019-07-16', 37, NULL, NULL, NULL, NULL, 215, NULL, 2),
(208, '2019-07-17', 38, NULL, NULL, NULL, NULL, 216, NULL, 2),
(209, '2019-07-18', 39, NULL, NULL, NULL, NULL, 217, NULL, 2),
(210, '2019-07-19', 40, NULL, NULL, NULL, NULL, 218, NULL, 2),
(211, '2019-07-22', 41, NULL, NULL, NULL, NULL, 219, NULL, 2),
(212, '2019-07-23', 42, NULL, NULL, NULL, NULL, 220, NULL, 2),
(213, '2019-07-24', 43, NULL, NULL, NULL, NULL, 221, NULL, 2),
(214, '2019-07-25', 1, NULL, NULL, NULL, NULL, 222, NULL, 2),
(215, '2019-07-26', 2, NULL, NULL, NULL, NULL, 223, NULL, 2),
(216, '2019-07-29', 3, NULL, NULL, NULL, NULL, 224, NULL, 2),
(217, '2019-07-30', 4, NULL, NULL, NULL, NULL, 225, NULL, 2),
(218, '2019-07-31', 5, NULL, NULL, NULL, NULL, 226, NULL, 2),
(219, '2019-08-01', 6, NULL, NULL, NULL, NULL, 227, NULL, 2),
(220, '2019-08-02', 7, NULL, NULL, NULL, NULL, 228, NULL, 2),
(221, '2019-08-05', 8, NULL, NULL, NULL, NULL, 229, NULL, 2),
(222, '2019-08-06', 9, NULL, NULL, NULL, NULL, 230, NULL, 2),
(223, '2019-08-07', 10, NULL, NULL, NULL, NULL, 231, NULL, 2),
(224, '2019-08-08', 11, NULL, NULL, NULL, NULL, 232, NULL, 2),
(225, '2019-08-09', 12, NULL, NULL, NULL, NULL, 233, NULL, 2),
(226, '2019-08-12', 13, NULL, NULL, NULL, NULL, 234, NULL, 2),
(227, '2019-08-13', 14, NULL, NULL, NULL, NULL, 235, NULL, 2),
(228, '2019-08-14', 15, NULL, NULL, NULL, NULL, 236, NULL, 2),
(229, '2019-08-15', 16, NULL, NULL, NULL, NULL, 237, NULL, 2),
(230, '2019-08-16', 17, NULL, NULL, NULL, NULL, 238, NULL, 2),
(231, '2019-08-19', 18, NULL, NULL, NULL, NULL, 239, NULL, 2),
(232, '2019-08-20', 19, NULL, NULL, NULL, NULL, 240, NULL, 2),
(233, '2019-08-21', 20, NULL, NULL, NULL, NULL, 241, NULL, 2),
(234, '2019-08-22', 21, NULL, NULL, NULL, NULL, 242, NULL, 2),
(235, '2019-08-23', 22, NULL, NULL, NULL, NULL, 243, NULL, 2),
(236, '2019-08-26', 23, NULL, NULL, NULL, NULL, 244, NULL, 2),
(237, '2019-08-27', 24, NULL, NULL, NULL, NULL, 245, NULL, 2),
(238, '2019-08-28', 25, NULL, NULL, NULL, NULL, 246, NULL, 2),
(239, '2019-08-29', 26, NULL, NULL, NULL, NULL, 247, NULL, 2),
(240, '2019-08-30', 27, NULL, NULL, NULL, NULL, 248, NULL, 2),
(241, '2019-09-02', 28, NULL, NULL, NULL, NULL, 249, NULL, 2),
(242, '2019-09-03', 29, NULL, NULL, NULL, NULL, 250, NULL, 2),
(243, '2019-09-04', 30, NULL, NULL, NULL, NULL, 251, NULL, 2),
(244, '2019-09-05', 31, NULL, NULL, NULL, NULL, 252, NULL, 2),
(245, '2019-09-06', 32, NULL, NULL, NULL, NULL, 253, NULL, 2),
(246, '2019-09-09', 33, NULL, NULL, NULL, NULL, 254, NULL, 2),
(247, '2019-09-10', 34, NULL, NULL, NULL, NULL, 255, NULL, 2),
(248, '2019-09-11', 35, NULL, NULL, NULL, NULL, 256, NULL, 2),
(249, '2019-09-12', 36, NULL, NULL, NULL, NULL, 257, NULL, 2),
(250, '2019-09-13', 37, NULL, NULL, NULL, NULL, 258, NULL, 2),
(251, '2019-09-16', 38, NULL, NULL, NULL, NULL, 259, NULL, 2),
(252, '2019-09-17', 39, NULL, NULL, NULL, NULL, 260, NULL, 2),
(253, '2019-09-18', 40, NULL, NULL, NULL, NULL, 261, NULL, 2),
(254, '2019-09-19', 41, NULL, NULL, NULL, NULL, 262, NULL, 2),
(255, '2019-09-20', 42, NULL, NULL, NULL, NULL, 263, NULL, 2),
(256, '2019-09-23', 1, NULL, NULL, NULL, NULL, 301, NULL, 2),
(257, '2019-09-24', 2, NULL, NULL, NULL, NULL, 302, NULL, 2),
(258, '2019-09-25', 3, NULL, NULL, NULL, NULL, 303, NULL, 2),
(259, '2019-09-26', 4, NULL, NULL, NULL, NULL, 304, NULL, 2),
(260, '2019-09-27', 5, NULL, NULL, NULL, NULL, 305, NULL, 2),
(261, '2019-09-30', 6, NULL, NULL, NULL, NULL, 306, NULL, 2),
(262, '2019-10-01', 7, NULL, NULL, NULL, NULL, 307, NULL, 2),
(263, '2019-10-02', 8, NULL, NULL, NULL, NULL, 308, NULL, 2),
(264, '2019-10-03', 9, NULL, NULL, NULL, NULL, 309, NULL, 2),
(265, '2019-10-04', 10, NULL, NULL, NULL, NULL, 310, NULL, 2),
(266, '2019-10-07', 11, NULL, NULL, NULL, NULL, 311, NULL, 2),
(267, '2019-10-08', 12, NULL, NULL, NULL, NULL, 312, NULL, 2),
(268, '2019-10-09', 13, NULL, NULL, NULL, NULL, 313, NULL, 2),
(269, '2019-10-10', 14, NULL, NULL, NULL, NULL, 314, NULL, 2),
(270, '2019-10-11', 15, NULL, NULL, NULL, NULL, 315, NULL, 2),
(271, '2019-10-14', 16, NULL, NULL, NULL, NULL, 316, NULL, 2),
(272, '2019-10-15', 17, NULL, NULL, NULL, NULL, 317, NULL, 2),
(273, '2019-10-16', 18, NULL, NULL, NULL, NULL, 318, NULL, 2),
(274, '2019-10-17', 19, NULL, NULL, NULL, NULL, 319, NULL, 2),
(275, '2019-10-18', 20, NULL, NULL, NULL, NULL, 320, NULL, 2),
(276, '2019-10-21', 21, NULL, NULL, NULL, NULL, 321, NULL, 2),
(277, '2019-10-22', 22, NULL, NULL, NULL, NULL, 322, NULL, 2),
(278, '2019-10-23', 23, NULL, NULL, NULL, NULL, 323, NULL, 2),
(279, '2019-10-24', 24, NULL, NULL, NULL, NULL, 324, NULL, 2),
(280, '2019-10-25', 25, NULL, NULL, NULL, NULL, 325, NULL, 2),
(281, '2019-10-28', 26, NULL, NULL, NULL, NULL, 326, NULL, 2),
(282, '2019-10-29', 27, NULL, NULL, NULL, NULL, 327, NULL, 2),
(283, '2019-10-30', 28, NULL, NULL, NULL, NULL, 328, NULL, 2),
(284, '2019-10-31', 29, NULL, NULL, NULL, NULL, 329, NULL, 2),
(285, '2019-11-01', 30, NULL, NULL, NULL, NULL, 330, NULL, 2),
(286, '2019-11-04', 31, NULL, NULL, NULL, NULL, 331, NULL, 2),
(287, '2019-11-05', 32, NULL, NULL, NULL, NULL, 332, NULL, 2),
(288, '2019-11-06', 33, NULL, NULL, NULL, NULL, 333, NULL, 2),
(289, '2019-11-07', 34, NULL, NULL, NULL, NULL, 334, NULL, 2),
(290, '2019-11-08', 35, NULL, NULL, NULL, NULL, 335, NULL, 2),
(291, '2019-11-11', 36, NULL, NULL, NULL, NULL, 336, NULL, 2),
(292, '2019-11-12', 37, NULL, NULL, NULL, NULL, 337, NULL, 2),
(293, '2019-11-13', 38, NULL, NULL, NULL, NULL, 338, NULL, 2),
(294, '2019-11-14', 39, NULL, NULL, NULL, NULL, 339, NULL, 2),
(295, '2019-11-15', 40, NULL, NULL, NULL, NULL, 340, NULL, 2),
(296, '2019-11-18', 41, NULL, NULL, NULL, NULL, 341, NULL, 2),
(297, '2019-11-19', 42, NULL, NULL, NULL, NULL, 342, NULL, 2),
(298, '2019-11-20', 1, NULL, NULL, NULL, NULL, 443, NULL, 2),
(299, '2019-11-21', 2, NULL, NULL, NULL, NULL, 444, NULL, 2),
(300, '2019-11-22', 3, NULL, NULL, NULL, NULL, 445, NULL, 2),
(301, '2019-11-25', 4, NULL, NULL, NULL, NULL, 446, NULL, 2),
(302, '2019-11-26', 5, NULL, NULL, NULL, NULL, 447, NULL, 2),
(303, '2019-11-27', 6, NULL, NULL, NULL, NULL, 448, NULL, 2),
(304, '2019-11-28', 7, NULL, NULL, NULL, NULL, 449, NULL, 2),
(305, '2019-11-29', 8, NULL, NULL, NULL, NULL, 450, NULL, 2),
(306, '2019-12-02', 9, NULL, NULL, NULL, NULL, 451, NULL, 2),
(307, '2019-12-03', 10, NULL, NULL, NULL, NULL, 452, NULL, 2),
(308, '2019-12-04', 11, NULL, NULL, NULL, NULL, 453, NULL, 2),
(309, '2019-12-05', 12, NULL, NULL, NULL, NULL, 454, NULL, 2),
(310, '2019-12-06', 13, NULL, NULL, NULL, NULL, 455, NULL, 2),
(311, '2019-12-09', 14, NULL, NULL, NULL, NULL, 456, NULL, 2),
(312, '2019-12-10', 15, NULL, NULL, NULL, NULL, 457, NULL, 2),
(313, '2019-12-11', 16, NULL, NULL, NULL, NULL, 458, NULL, 2),
(314, '2019-12-12', 17, NULL, NULL, NULL, NULL, 459, NULL, 2),
(315, '2019-12-13', 18, NULL, NULL, NULL, NULL, 460, NULL, 2),
(316, '2019-12-16', 19, NULL, NULL, NULL, NULL, 461, NULL, 2),
(317, '2019-12-17', 20, NULL, NULL, NULL, NULL, 462, NULL, 2),
(318, '2019-12-18', 21, NULL, NULL, NULL, NULL, 463, NULL, 2),
(319, '2019-12-19', 22, NULL, NULL, NULL, NULL, 464, NULL, 2),
(320, '2019-12-20', 23, NULL, NULL, NULL, NULL, 465, NULL, 2),
(321, '2019-12-23', 24, NULL, NULL, NULL, NULL, 466, NULL, 2),
(322, '2019-12-24', 25, NULL, NULL, NULL, NULL, 467, NULL, 2),
(323, '2019-12-25', 26, NULL, NULL, NULL, NULL, 468, NULL, 2),
(324, '2019-12-26', 27, NULL, NULL, NULL, NULL, 469, NULL, 2),
(325, '2019-12-27', 28, NULL, NULL, NULL, NULL, 470, NULL, 2),
(326, '2019-12-30', 29, NULL, NULL, NULL, NULL, 471, NULL, 2),
(327, '2019-12-31', 30, NULL, NULL, NULL, NULL, 472, NULL, 2),
(328, '2020-01-01', 31, NULL, NULL, NULL, NULL, 473, NULL, 2),
(329, '2020-01-02', 32, NULL, NULL, NULL, NULL, 474, NULL, 2),
(330, '2020-01-03', 33, NULL, NULL, NULL, NULL, 475, NULL, 2),
(331, '2020-01-06', 34, NULL, NULL, NULL, NULL, 476, NULL, 2),
(332, '2020-01-07', 35, NULL, NULL, NULL, NULL, 477, NULL, 2),
(333, '2020-01-08', 36, NULL, NULL, NULL, NULL, 478, NULL, 2),
(334, '2020-01-09', 37, NULL, NULL, NULL, NULL, 479, NULL, 2),
(335, '2020-01-10', 38, NULL, NULL, NULL, NULL, 480, NULL, 2),
(336, '2020-01-13', 39, NULL, NULL, NULL, NULL, 481, NULL, 2),
(337, '2020-01-14', 40, NULL, NULL, NULL, NULL, 482, NULL, 2),
(338, '2020-01-15', 41, NULL, NULL, NULL, NULL, 483, NULL, 2),
(339, '2020-01-16', 42, NULL, NULL, NULL, NULL, 484, NULL, 2),
(340, '2020-01-17', 43, NULL, NULL, NULL, NULL, 485, NULL, 2),
(341, '2020-01-20', 44, NULL, NULL, NULL, NULL, 486, NULL, 2),
(342, '2020-01-21', 45, NULL, NULL, NULL, NULL, 487, NULL, 2),
(343, '2020-01-22', 46, NULL, NULL, NULL, NULL, 488, NULL, 2),
(344, '2020-01-23', 47, NULL, NULL, NULL, NULL, 489, NULL, 2),
(345, '2020-01-24', 48, NULL, NULL, NULL, NULL, 490, NULL, 2),
(346, '2020-01-27', 49, NULL, NULL, NULL, NULL, 491, NULL, 2),
(347, '2020-01-28', 50, NULL, NULL, NULL, NULL, 492, NULL, 2),
(348, '2020-01-29', 1, NULL, NULL, NULL, NULL, 540, NULL, 2),
(349, '2020-01-30', 2, NULL, NULL, NULL, NULL, 541, NULL, 2),
(350, '2020-01-31', 3, NULL, NULL, NULL, NULL, 542, NULL, 2),
(351, '2020-02-03', 4, NULL, NULL, NULL, NULL, 543, NULL, 2),
(352, '2020-02-04', 5, NULL, NULL, NULL, NULL, 544, NULL, 2),
(353, '2020-02-05', 6, NULL, NULL, NULL, NULL, 545, NULL, 2),
(354, '2020-02-06', 7, NULL, NULL, NULL, NULL, 546, NULL, 2),
(355, '2020-02-07', 8, NULL, NULL, NULL, NULL, 547, NULL, 2),
(356, '2020-02-10', 9, NULL, NULL, NULL, NULL, 548, NULL, 2),
(357, '2020-02-11', 10, NULL, NULL, NULL, NULL, 549, NULL, 2),
(358, '2020-02-12', 11, NULL, NULL, NULL, NULL, 550, NULL, 2),
(359, '2020-02-13', 12, NULL, NULL, NULL, NULL, 551, NULL, 2),
(360, '2020-02-14', 13, NULL, NULL, NULL, NULL, 552, NULL, 2),
(361, '2020-02-17', 14, NULL, NULL, NULL, NULL, 553, NULL, 2),
(362, '2020-02-18', 15, NULL, NULL, NULL, NULL, 554, NULL, 2),
(363, '2020-02-19', 16, NULL, NULL, NULL, NULL, 555, NULL, 2),
(364, '2020-02-20', 17, NULL, NULL, NULL, NULL, 556, NULL, 2),
(365, '2020-02-21', 18, NULL, NULL, NULL, NULL, 557, NULL, 2),
(366, '2020-02-24', 19, NULL, NULL, NULL, NULL, 558, NULL, 2),
(367, '2020-02-25', 20, NULL, NULL, NULL, NULL, 559, NULL, 2),
(368, '2020-02-26', 21, NULL, NULL, NULL, NULL, 560, NULL, 2),
(369, '2020-02-27', 22, NULL, NULL, NULL, NULL, 561, NULL, 2),
(370, '2020-02-28', 23, NULL, NULL, NULL, NULL, 562, NULL, 2),
(371, '2020-03-02', 24, NULL, NULL, NULL, NULL, 563, NULL, 2),
(372, '2020-03-03', 25, NULL, NULL, NULL, NULL, 564, NULL, 2),
(373, '2020-03-04', 26, NULL, NULL, NULL, NULL, 565, NULL, 2),
(374, '2020-03-05', 27, NULL, NULL, NULL, NULL, 566, NULL, 2),
(375, '2020-03-06', 28, NULL, NULL, NULL, NULL, 567, NULL, 2),
(376, '2020-03-09', 29, NULL, NULL, NULL, NULL, 568, NULL, 2),
(377, '2020-03-10', 30, NULL, NULL, NULL, NULL, 569, NULL, 2),
(378, '2020-03-11', 31, NULL, NULL, NULL, NULL, 570, NULL, 2),
(379, '2020-03-12', 32, NULL, NULL, NULL, NULL, 571, NULL, 2),
(380, '2020-03-13', 33, NULL, NULL, NULL, NULL, 572, NULL, 2),
(381, '2020-03-16', 34, NULL, NULL, NULL, NULL, 573, NULL, 2),
(382, '2020-03-17', 35, NULL, NULL, NULL, NULL, 574, NULL, 2),
(383, '2020-03-18', 36, NULL, NULL, NULL, NULL, 575, NULL, 2),
(384, '2020-03-19', 37, NULL, NULL, NULL, NULL, 576, NULL, 2),
(385, '2020-03-20', 38, NULL, NULL, NULL, NULL, 577, NULL, 2),
(386, '2020-03-23', 39, NULL, NULL, NULL, NULL, 578, NULL, 2),
(387, '2020-03-24', 40, NULL, NULL, NULL, NULL, 579, NULL, 2),
(388, '2020-03-25', 41, NULL, NULL, NULL, NULL, 580, NULL, 2),
(389, '2020-03-26', 42, NULL, NULL, NULL, NULL, 581, NULL, 2),
(390, '2020-03-27', 43, NULL, NULL, NULL, NULL, 582, NULL, 2),
(391, '2020-03-30', 44, NULL, NULL, NULL, NULL, 583, NULL, 2),
(392, '2020-03-31', 45, NULL, NULL, NULL, NULL, 584, NULL, 2),
(393, '2020-04-01', 46, NULL, NULL, NULL, NULL, 585, NULL, 2),
(394, '2020-04-02', 47, NULL, NULL, NULL, NULL, 586, NULL, 2),
(395, '2020-04-03', 1, NULL, NULL, NULL, NULL, 587, NULL, 2),
(396, '2020-04-06', 2, NULL, NULL, NULL, NULL, 588, NULL, 2),
(397, '2020-04-07', 3, NULL, NULL, NULL, NULL, 589, NULL, 2),
(398, '2020-04-08', 4, NULL, NULL, NULL, NULL, 590, NULL, 2),
(399, '2020-04-09', 5, NULL, NULL, NULL, NULL, 591, NULL, 2),
(400, '2020-04-10', 6, NULL, NULL, NULL, NULL, 592, NULL, 2),
(401, '2020-04-13', 7, NULL, NULL, NULL, NULL, 593, NULL, 2),
(402, '2020-04-14', 8, NULL, NULL, NULL, NULL, 594, NULL, 2),
(403, '2020-04-15', 9, NULL, NULL, NULL, NULL, 595, NULL, 2),
(404, '2020-04-16', 10, NULL, NULL, NULL, NULL, 596, NULL, 2),
(405, '2020-04-17', 11, NULL, NULL, NULL, NULL, 597, NULL, 2),
(406, '2020-04-20', 12, NULL, NULL, NULL, NULL, 598, NULL, 2),
(407, '2020-04-21', 13, NULL, NULL, NULL, NULL, 599, NULL, 2),
(408, '2020-04-22', 14, NULL, NULL, NULL, NULL, 600, NULL, 2),
(409, '2020-04-23', 15, NULL, NULL, NULL, NULL, 601, NULL, 2),
(410, '2020-04-24', 16, NULL, NULL, NULL, NULL, 602, NULL, 2),
(411, '2020-04-27', 17, NULL, NULL, NULL, NULL, 603, NULL, 2),
(412, '2020-04-28', 18, NULL, NULL, NULL, NULL, 604, NULL, 2),
(413, '2020-04-29', 19, NULL, NULL, NULL, NULL, 605, NULL, 2),
(414, '2020-04-30', 20, NULL, NULL, NULL, NULL, 606, NULL, 2),
(415, '2020-05-01', 21, NULL, NULL, NULL, NULL, 607, NULL, 2),
(416, '2020-05-04', 22, NULL, NULL, NULL, NULL, 608, NULL, 2),
(417, '2020-05-05', 23, NULL, NULL, NULL, NULL, 609, NULL, 2),
(418, '2020-05-06', 24, NULL, NULL, NULL, NULL, 610, NULL, 2),
(419, '2020-05-07', 25, NULL, NULL, NULL, NULL, 611, NULL, 2),
(420, '2020-05-08', 26, NULL, NULL, NULL, NULL, 612, NULL, 2),
(421, '2020-05-11', 27, NULL, NULL, NULL, NULL, 613, NULL, 2),
(422, '2020-05-12', 28, NULL, NULL, NULL, NULL, 614, NULL, 2),
(423, '2020-05-13', 29, NULL, NULL, NULL, NULL, 615, NULL, 2),
(424, '2020-05-14', 30, NULL, NULL, NULL, NULL, 616, NULL, 2),
(425, '2020-05-15', 31, NULL, NULL, NULL, NULL, 617, NULL, 2),
(426, '2020-05-18', 32, NULL, NULL, NULL, NULL, 618, NULL, 2),
(427, '2020-05-19', 33, NULL, NULL, NULL, NULL, 619, NULL, 2),
(428, '2020-05-20', 34, NULL, NULL, NULL, NULL, 620, NULL, 2),
(429, '2020-05-21', 35, NULL, NULL, NULL, NULL, 621, NULL, 2),
(430, '2020-05-22', 36, NULL, NULL, NULL, NULL, 622, NULL, 2),
(431, '2020-05-25', 37, NULL, NULL, NULL, NULL, 623, NULL, 2),
(432, '2020-05-26', 38, NULL, NULL, NULL, NULL, 624, NULL, 2),
(433, '2020-05-27', 39, NULL, NULL, NULL, NULL, 625, NULL, 2),
(434, '2020-05-28', 40, NULL, NULL, NULL, NULL, 626, NULL, 2),
(435, '2020-05-29', 41, NULL, NULL, NULL, NULL, 627, NULL, 2),
(436, '2020-06-01', 42, NULL, NULL, NULL, NULL, 628, NULL, 2),
(437, '2020-06-02', 43, NULL, NULL, NULL, NULL, 629, NULL, 2),
(438, '2020-06-03', 44, NULL, NULL, NULL, NULL, 630, NULL, 2),
(439, '2020-06-04', 45, NULL, NULL, NULL, NULL, 631, NULL, 2),
(440, '2020-06-05', 1, NULL, NULL, NULL, NULL, 632, NULL, 2),
(441, '2020-06-08', 2, NULL, NULL, NULL, NULL, 633, NULL, 2),
(442, '2020-06-09', 3, NULL, NULL, NULL, NULL, 634, NULL, 2),
(443, '2020-06-10', 4, NULL, NULL, NULL, NULL, 635, NULL, 2),
(444, '2020-06-11', 5, NULL, NULL, NULL, NULL, 636, NULL, 2),
(445, '2020-06-12', 6, NULL, NULL, NULL, NULL, 637, NULL, 2),
(446, '2020-06-15', 7, NULL, NULL, NULL, NULL, 638, NULL, 2),
(447, '2020-06-16', 8, NULL, NULL, NULL, NULL, 639, NULL, 2),
(448, '2020-06-17', 9, NULL, NULL, NULL, NULL, 640, NULL, 2),
(449, '2020-06-18', 10, NULL, NULL, NULL, NULL, 641, NULL, 2),
(450, '2020-06-19', 11, NULL, NULL, NULL, NULL, 642, NULL, 2),
(451, '2020-06-22', 12, NULL, NULL, NULL, NULL, 643, NULL, 2),
(452, '2020-06-23', 13, NULL, NULL, NULL, NULL, 644, NULL, 2),
(453, '2020-06-24', 14, NULL, NULL, NULL, NULL, 645, NULL, 2),
(454, '2020-06-25', 15, NULL, NULL, NULL, NULL, 646, NULL, 2),
(455, '2020-06-26', 16, NULL, NULL, NULL, NULL, 647, NULL, 2),
(456, '2020-06-29', 17, NULL, NULL, NULL, NULL, 648, NULL, 2),
(457, '2020-06-30', 18, NULL, NULL, NULL, NULL, 649, NULL, 2),
(458, '2020-07-01', 19, NULL, NULL, NULL, NULL, 650, NULL, 2),
(459, '2020-07-02', 20, NULL, NULL, NULL, NULL, 651, NULL, 2),
(460, '2020-07-03', 21, NULL, NULL, NULL, NULL, 652, NULL, 2),
(461, '2020-07-06', 22, NULL, NULL, NULL, NULL, 653, NULL, 2),
(462, '2020-07-07', 23, NULL, NULL, NULL, NULL, 654, NULL, 2),
(463, '2020-07-08', 24, NULL, NULL, NULL, NULL, 655, NULL, 2),
(464, '2020-07-09', 25, NULL, NULL, NULL, NULL, 656, NULL, 2),
(465, '2020-07-10', 26, NULL, NULL, NULL, NULL, 657, NULL, 2),
(466, '2020-07-13', 27, NULL, NULL, NULL, NULL, 658, NULL, 2),
(467, '2020-07-14', 28, NULL, NULL, NULL, NULL, 659, NULL, 2),
(468, '2020-07-15', 29, NULL, NULL, NULL, NULL, 660, NULL, 2),
(469, '2020-07-16', 30, NULL, NULL, NULL, NULL, 661, NULL, 2),
(470, '2020-07-17', 31, NULL, NULL, NULL, NULL, 662, NULL, 2),
(471, '2020-07-20', 32, NULL, NULL, NULL, NULL, 663, NULL, 2),
(472, '2020-07-21', 33, NULL, NULL, NULL, NULL, 664, NULL, 2),
(473, '2020-07-22', 34, NULL, NULL, NULL, NULL, 665, NULL, 2),
(474, '2020-07-23', 35, NULL, NULL, NULL, NULL, 666, NULL, 2),
(475, '2020-07-24', 36, NULL, NULL, NULL, NULL, 667, NULL, 2),
(476, '2020-07-27', 37, NULL, NULL, NULL, NULL, 668, NULL, 2),
(477, '2020-07-28', 38, NULL, NULL, NULL, NULL, 669, NULL, 2),
(478, '2020-07-29', 39, NULL, NULL, NULL, NULL, 670, NULL, 2),
(479, '2020-07-30', 40, NULL, NULL, NULL, NULL, 671, NULL, 2),
(480, '2020-07-31', 41, NULL, NULL, NULL, NULL, 672, NULL, 2),
(481, '2020-08-03', 42, NULL, '', NULL, NULL, 673, NULL, 2),
(482, '2020-08-04', 43, NULL, NULL, NULL, NULL, 674, NULL, 2),
(483, '2020-08-05', 44, NULL, NULL, NULL, NULL, 675, NULL, 2),
(484, '2020-08-06', 45, NULL, NULL, NULL, NULL, 676, NULL, 2),
(485, '2020-08-07', 46, NULL, NULL, NULL, NULL, 677, NULL, 2),
(486, '2020-08-10', 47, NULL, NULL, NULL, NULL, 678, NULL, 2);

-- --------------------------------------------------------

--
-- Estrutura da tabela `bolsas`
--

DROP TABLE IF EXISTS `bolsas`;
CREATE TABLE IF NOT EXISTS `bolsas` (
  `id` int(11) NOT NULL AUTO_INCREMENT,
  `nome` varchar(100) NOT NULL,
  `descricao` varchar(255) NOT NULL,
  `desconto` int(11) NOT NULL,
  `fixa` tinyint(4) NOT NULL,
  `dataInicio` date DEFAULT NULL,
  `dataTermino` date DEFAULT NULL,
  PRIMARY KEY (`id`)
) ENGINE=InnoDB AUTO_INCREMENT=38 DEFAULT CHARSET=utf8;

--
-- Extraindo dados da tabela `bolsas`
--

INSERT INTO `bolsas` (`id`, `nome`, `descricao`, `desconto`, `fixa`, `dataInicio`, `dataTermino`) VALUES
(31, 'Bolsa Inglês Gold Temporária', 'Bolsa temporária de 75% de desconto no curso de Inglês.', 75, 0, '2018-03-28', '2018-03-31'),
(32, 'Bolsa Inglês Gold', 'Bolsa de 75% de desconto no curso de inglês.', 75, 1, NULL, NULL),
(33, 'Bolsa Silver Gold Temporária', 'Bolsa temporária de 50% de desconto no curso de inglês.', 50, 0, '2018-03-29', '2018-03-30'),
(35, 'Páscoa', 'Bolsa de páscoa.', 50, 0, '2018-03-30', '2018-04-01'),
(36, 'Bolsa de Inverno', 'Bolsa destinada a alunos que sentem muito frio.', 35, 0, '2018-06-01', '2018-10-01'),
(37, 'Bolsa da Lílian', 'Bolsa temporário. lçfkdslçgd', 75, 0, '2018-06-08', '2018-06-09');

-- --------------------------------------------------------

--
-- Estrutura da tabela `cargos`
--

DROP TABLE IF EXISTS `cargos`;
CREATE TABLE IF NOT EXISTS `cargos` (
  `cargoId` int(11) NOT NULL AUTO_INCREMENT,
  `cargoNome` varchar(100) NOT NULL,
  `roleId` int(11) NOT NULL,
  PRIMARY KEY (`cargoId`),
  KEY `roleId` (`roleId`)
) ENGINE=InnoDB AUTO_INCREMENT=5 DEFAULT CHARSET=utf8;

--
-- Extraindo dados da tabela `cargos`
--

INSERT INTO `cargos` (`cargoId`, `cargoNome`, `roleId`) VALUES
(1, 'Administrador', 1),
(2, 'Funcionário', 2),
(3, 'Professor', 3),
(4, 'Aluno', 4);

-- --------------------------------------------------------

--
-- Estrutura da tabela `contas_bancarias`
--

DROP TABLE IF EXISTS `contas_bancarias`;
CREATE TABLE IF NOT EXISTS `contas_bancarias` (
  `id` int(11) NOT NULL AUTO_INCREMENT,
  `nome` varchar(255) NOT NULL,
  PRIMARY KEY (`id`),
  UNIQUE KEY `nome_UNIQUE` (`nome`)
) ENGINE=InnoDB AUTO_INCREMENT=4 DEFAULT CHARSET=utf8;

--
-- Extraindo dados da tabela `contas_bancarias`
--

INSERT INTO `contas_bancarias` (`id`, `nome`) VALUES
(3, 'CAIXA'),
(2, 'SANTANDER');

-- --------------------------------------------------------

--
-- Estrutura da tabela `contratos`
--

DROP TABLE IF EXISTS `contratos`;
CREATE TABLE IF NOT EXISTS `contratos` (
  `id` int(11) NOT NULL AUTO_INCREMENT,
  `numero` varchar(20) CHARACTER SET utf8 NOT NULL,
  `aluno` int(11) NOT NULL,
  `situacao` int(11) NOT NULL,
  `tipo` int(11) NOT NULL,
  `dataInicio` date NOT NULL,
  `dataTermino` date NOT NULL,
  `contratoTurmas` tinyint(1) NOT NULL,
  `contratoAulasLivres` tinyint(1) NOT NULL,
  `atendente1` int(11) DEFAULT NULL,
  `atendente2` int(11) DEFAULT NULL,
  `atendente3` int(11) DEFAULT NULL,
  `dataContrato` date NOT NULL,
  `contratante` int(11) DEFAULT '0',
  `matricula` int(11) NOT NULL,
  PRIMARY KEY (`id`),
  UNIQUE KEY `numero` (`numero`),
  KEY `situacao` (`situacao`),
  KEY `tipo` (`tipo`),
  KEY `atendente1` (`atendente1`),
  KEY `atendente2` (`atendente2`),
  KEY `atendente3` (`atendente3`),
  KEY `matricula` (`matricula`),
  KEY `contratante` (`contratante`),
  KEY `contratos_ibfk_1` (`aluno`)
) ENGINE=InnoDB DEFAULT CHARSET=latin1;

-- --------------------------------------------------------

--
-- Estrutura da tabela `cursos`
--

DROP TABLE IF EXISTS `cursos`;
CREATE TABLE IF NOT EXISTS `cursos` (
  `id` int(11) NOT NULL AUTO_INCREMENT,
  `nome` varchar(100) NOT NULL,
  PRIMARY KEY (`id`)
) ENGINE=InnoDB AUTO_INCREMENT=5 DEFAULT CHARSET=latin1;

--
-- Extraindo dados da tabela `cursos`
--

INSERT INTO `cursos` (`id`, `nome`) VALUES
(1, 'That\'s the way'),
(2, 'Revolution Kids'),
(3, 'Revolution VIP'),
(4, 'Advanced Journey');

-- --------------------------------------------------------

--
-- Estrutura da tabela `estagios`
--

DROP TABLE IF EXISTS `estagios`;
CREATE TABLE IF NOT EXISTS `estagios` (
  `id` int(11) NOT NULL AUTO_INCREMENT,
  `nome` varchar(100) DEFAULT NULL,
  `curso` int(11) NOT NULL,
  `IdLivro` int(11) NOT NULL,
  PRIMARY KEY (`id`),
  KEY `curso` (`curso`),
  KEY `IdLivro_idx` (`IdLivro`)
) ENGINE=InnoDB AUTO_INCREMENT=14 DEFAULT CHARSET=latin1;

--
-- Extraindo dados da tabela `estagios`
--

INSERT INTO `estagios` (`id`, `nome`, `curso`, `IdLivro`) VALUES
(2, 'Estágio 1', 1, 1),
(3, 'Estágio 2', 1, 2),
(4, 'Estágio 3', 1, 3),
(5, 'Estágio 4', 1, 4),
(6, 'Estágio 5', 1, 5),
(7, 'Estágio 6', 1, 6),
(8, 'Estágio 7', 1, 7),
(9, 'Estágio 8', 1, 8),
(10, 'Estágio 9', 1, 9),
(11, 'Estágio 10', 1, 10),
(12, 'Estágio 11', 1, 11),
(13, 'Estágio 12', 1, 12);

-- --------------------------------------------------------

--
-- Estrutura da tabela `formas_de_cobrancas`
--

DROP TABLE IF EXISTS `formas_de_cobrancas`;
CREATE TABLE IF NOT EXISTS `formas_de_cobrancas` (
  `id` int(11) NOT NULL AUTO_INCREMENT,
  `nome` varchar(100) NOT NULL,
  `contabancaria` tinyint(4) NOT NULL,
  `operadoracartao` tinyint(4) NOT NULL,
  PRIMARY KEY (`id`),
  UNIQUE KEY `nome_UNIQUE` (`nome`)
) ENGINE=InnoDB AUTO_INCREMENT=11 DEFAULT CHARSET=utf8;

--
-- Extraindo dados da tabela `formas_de_cobrancas`
--

INSERT INTO `formas_de_cobrancas` (`id`, `nome`, `contabancaria`, `operadoracartao`) VALUES
(1, 'Dinheiro', 1, 0),
(2, 'Depósito Bancário', 1, 0),
(3, 'Cartão de Crédito', 0, 1),
(4, 'Cartão de Débito', 0, 1),
(5, 'Cobrança Bancária', 1, 0),
(6, 'Débito Automático', 1, 0),
(7, 'Permuta', 1, 0),
(8, 'Transferência Bancária', 1, 0),
(9, 'Cheque', 1, 0),
(10, 'Cheque Pré-Datado', 1, 0);

-- --------------------------------------------------------

--
-- Estrutura da tabela `funcionarios`
--

DROP TABLE IF EXISTS `funcionarios`;
CREATE TABLE IF NOT EXISTS `funcionarios` (
  `id` int(11) NOT NULL AUTO_INCREMENT,
  `matricula` varchar(255) CHARACTER SET ucs2 DEFAULT 'null',
  `nome` varchar(45) NOT NULL,
  `rg` varchar(45) NOT NULL,
  `cpf` varchar(45) NOT NULL,
  `dataNascimento` date NOT NULL,
  `estadoCivil` varchar(45) NOT NULL,
  `sexo` varchar(45) NOT NULL,
  `cargo` varchar(45) NOT NULL,
  `cidadeNatal` varchar(45) NOT NULL,
  `cep` varchar(45) NOT NULL,
  `logradouro` varchar(255) NOT NULL,
  `numero` int(11) NOT NULL,
  `complemento` varchar(45) DEFAULT NULL,
  `cidade` varchar(45) NOT NULL,
  `bairro` varchar(45) NOT NULL,
  `email` varchar(45) NOT NULL,
  `telefone` varchar(45) DEFAULT NULL,
  `celular` varchar(45) DEFAULT NULL,
  `tipoPagamento` varchar(45) NOT NULL,
  `carteiraProfissional` varchar(45) NOT NULL,
  `inss` varchar(45) NOT NULL,
  `percentualInss` float NOT NULL,
  `dataAdmissao` date NOT NULL,
  `ccm` varchar(45) NOT NULL,
  `percentualIss` float NOT NULL,
  `dataDemissao` date DEFAULT NULL,
  `aulaInterna` double DEFAULT NULL,
  `aulaExterna` double DEFAULT NULL,
  `salarioMensal` double DEFAULT NULL,
  `banco` varchar(45) NOT NULL,
  `agencia` varchar(45) NOT NULL,
  `conta` varchar(45) NOT NULL,
  `codigoBanco` varchar(45) NOT NULL,
  `observacoes` varchar(255) DEFAULT NULL,
  `anexo` varchar(45) DEFAULT NULL,
  `avatarPath` varchar(255) DEFAULT 'default.png',
  PRIMARY KEY (`id`)
) ENGINE=InnoDB AUTO_INCREMENT=59 DEFAULT CHARSET=utf8;

--
-- Extraindo dados da tabela `funcionarios`
--

INSERT INTO `funcionarios` (`id`, `matricula`, `nome`, `rg`, `cpf`, `dataNascimento`, `estadoCivil`, `sexo`, `cargo`, `cidadeNatal`, `cep`, `logradouro`, `numero`, `complemento`, `cidade`, `bairro`, `email`, `telefone`, `celular`, `tipoPagamento`, `carteiraProfissional`, `inss`, `percentualInss`, `dataAdmissao`, `ccm`, `percentualIss`, `dataDemissao`, `aulaInterna`, `aulaExterna`, `salarioMensal`, `banco`, `agencia`, `conta`, `codigoBanco`, `observacoes`, `anexo`, `avatarPath`) VALUES
(55, '2018-55', 'Alan Nunes da Silva', '77.777.777-7', '777.777.777-77', '2000-04-29', 'solteiro', 'masculino', '2', 'Volta Redonda', '27259-290', 'Rua Vinte e Sete', 28, '', 'Volta Redonda', 'Jardim Vila Rica - Tiradentes', 'alann.625@gmail.com', '', '(24) 99884-4351', 'horista', '2153251', '1213', 2, '2018-09-10', '512455', 0.3, NULL, 13, 18, NULL, '1', '1354354-56', '13254-65', '13124546544', '', '', '1536362503.jpg'),
(58, '2018-58', 'Lílian Freitas', '77.777.777-7', '777.777.777-77', '1995-09-27', 'solteiro', 'feminino', '3', 'Volta Redonda', '27259-290', 'Rua Vinte e Sete', 28, '', 'Volta Redonda', 'Jardim Vila Rica - Tiradentes', 'lilianfreitas@revolutionschoolvr.com', '', '(24) 99884-4351', 'horista', '787678', '454465', 3, '2018-09-01', '151334', 0.3, NULL, 15, 19, NULL, '1', '77777-7', '777777777-7', '77777777777777', '', '', '');

-- --------------------------------------------------------

--
-- Estrutura da tabela `interessados`
--

DROP TABLE IF EXISTS `interessados`;
CREATE TABLE IF NOT EXISTS `interessados` (
  `id` int(11) NOT NULL AUTO_INCREMENT,
  `nome` varchar(100) CHARACTER SET utf8 NOT NULL,
  `sexo` varchar(100) CHARACTER SET utf8 DEFAULT NULL,
  `midia` varchar(50) CHARACTER SET utf8 DEFAULT NULL,
  `cep` varchar(100) CHARACTER SET utf8 DEFAULT NULL,
  `logradouro` varchar(100) CHARACTER SET utf8 NOT NULL,
  `numeroCasa` int(5) NOT NULL,
  `complemento` varchar(255) CHARACTER SET utf8 DEFAULT NULL,
  `cidade` varchar(100) CHARACTER SET utf8 NOT NULL,
  `bairro` varchar(100) CHARACTER SET utf8 NOT NULL,
  `email` varchar(100) CHARACTER SET utf8 DEFAULT NULL,
  `telefone` varchar(100) CHARACTER SET utf8 DEFAULT NULL,
  `celular` varchar(100) CHARACTER SET utf8 DEFAULT NULL,
  `observacoes` text,
  PRIMARY KEY (`id`)
) ENGINE=InnoDB DEFAULT CHARSET=latin1;

-- --------------------------------------------------------

--
-- Estrutura da tabela `juros_de_operadores_de_cartao`
--

DROP TABLE IF EXISTS `juros_de_operadores_de_cartao`;
CREATE TABLE IF NOT EXISTS `juros_de_operadores_de_cartao` (
  `id` int(11) NOT NULL AUTO_INCREMENT,
  `nome` varchar(45) NOT NULL,
  `parcelas` int(2) NOT NULL,
  `juros` float NOT NULL,
  `debito` tinyint(4) NOT NULL,
  `operadora_de_cartao` int(11) NOT NULL,
  PRIMARY KEY (`id`),
  KEY `operadora_de_cartao_idx` (`operadora_de_cartao`)
) ENGINE=InnoDB DEFAULT CHARSET=utf8;

-- --------------------------------------------------------

--
-- Estrutura da tabela `livros`
--

DROP TABLE IF EXISTS `livros`;
CREATE TABLE IF NOT EXISTS `livros` (
  `IdLivro` int(11) NOT NULL AUTO_INCREMENT,
  `Nome` varchar(255) NOT NULL,
  PRIMARY KEY (`IdLivro`),
  UNIQUE KEY `Nome_UNIQUE` (`Nome`)
) ENGINE=InnoDB AUTO_INCREMENT=13 DEFAULT CHARSET=utf8;

--
-- Extraindo dados da tabela `livros`
--

INSERT INTO `livros` (`IdLivro`, `Nome`) VALUES
(1, 'Book 1'),
(10, 'Book 10'),
(11, 'Book 11'),
(12, 'Book 12'),
(2, 'Book 2'),
(3, 'Book 3'),
(4, 'Book 4'),
(5, 'Book 5'),
(6, 'Book 6'),
(7, 'Book 7'),
(8, 'Book 8'),
(9, 'Book 9');

-- --------------------------------------------------------

--
-- Estrutura da tabela `log_acessos`
--

DROP TABLE IF EXISTS `log_acessos`;
CREATE TABLE IF NOT EXISTS `log_acessos` (
  `logAcessoId` int(11) NOT NULL AUTO_INCREMENT,
  `matricula` varchar(45) NOT NULL,
  `data` datetime NOT NULL,
  PRIMARY KEY (`logAcessoId`)
) ENGINE=InnoDB AUTO_INCREMENT=11 DEFAULT CHARSET=latin1;

--
-- Extraindo dados da tabela `log_acessos`
--

INSERT INTO `log_acessos` (`logAcessoId`, `matricula`, `data`) VALUES
(1, '2018-55', '2018-09-29 01:09:21'),
(2, '2018-55', '2018-09-29 01:09:46'),
(3, '2018-55', '2018-09-29 01:09:57'),
(4, '2018-55', '2018-09-29 01:09:58'),
(5, '2018-58', '2018-09-29 01:09:02'),
(6, '2018-55', '2018-09-29 01:09:35'),
(7, '2018-59', '2018-09-29 01:09:01'),
(8, '2018-58', '2018-09-29 01:09:22'),
(9, '2018-55', '2018-09-30 07:09:11'),
(10, '2018-58', '2018-09-30 07:09:22');

-- --------------------------------------------------------

--
-- Estrutura da tabela `matriculas`
--

DROP TABLE IF EXISTS `matriculas`;
CREATE TABLE IF NOT EXISTS `matriculas` (
  `id` int(11) NOT NULL AUTO_INCREMENT,
  `aluno` int(11) NOT NULL,
  `turma` int(11) NOT NULL,
  `dataMatricula` date NOT NULL,
  `dataInicioAtividades` date NOT NULL,
  `numero` varchar(100) DEFAULT NULL,
  PRIMARY KEY (`id`),
  UNIQUE KEY `numero` (`numero`),
  UNIQUE KEY `numero_2` (`numero`),
  UNIQUE KEY `numero_3` (`numero`),
  UNIQUE KEY `numero_4` (`numero`),
  UNIQUE KEY `numero_5` (`numero`),
  KEY `turma` (`turma`),
  KEY `matriculas_ibfk_1` (`aluno`)
) ENGINE=InnoDB DEFAULT CHARSET=latin1;

-- --------------------------------------------------------

--
-- Estrutura da tabela `modulos`
--

DROP TABLE IF EXISTS `modulos`;
CREATE TABLE IF NOT EXISTS `modulos` (
  `IdModulo` int(11) NOT NULL AUTO_INCREMENT,
  `Nome` varchar(45) NOT NULL,
  `Descricao` varchar(255) DEFAULT NULL,
  PRIMARY KEY (`IdModulo`)
) ENGINE=InnoDB AUTO_INCREMENT=5 DEFAULT CHARSET=utf8;

--
-- Extraindo dados da tabela `modulos`
--

INSERT INTO `modulos` (`IdModulo`, `Nome`, `Descricao`) VALUES
(1, 'Alunos', NULL),
(2, 'Funcionários', NULL),
(3, 'Turmas', NULL),
(4, 'Diário de Aulas', NULL);

-- --------------------------------------------------------

--
-- Estrutura da tabela `operadoras_de_cartao`
--

DROP TABLE IF EXISTS `operadoras_de_cartao`;
CREATE TABLE IF NOT EXISTS `operadoras_de_cartao` (
  `id` int(11) NOT NULL AUTO_INCREMENT,
  `nome` varchar(145) NOT NULL,
  PRIMARY KEY (`id`),
  UNIQUE KEY `nome_UNIQUE` (`nome`)
) ENGINE=InnoDB AUTO_INCREMENT=6 DEFAULT CHARSET=utf8;

--
-- Extraindo dados da tabela `operadoras_de_cartao`
--

INSERT INTO `operadoras_de_cartao` (`id`, `nome`) VALUES
(3, 'CARTÃO AMEX'),
(5, 'CARTÃO ELO'),
(2, 'CARTÃO HIPERCARD'),
(4, 'CARTÃO MASTERCARD'),
(1, 'VISA');

-- --------------------------------------------------------

--
-- Estrutura da tabela `paginas`
--

DROP TABLE IF EXISTS `paginas`;
CREATE TABLE IF NOT EXISTS `paginas` (
  `IdPagina` int(11) NOT NULL AUTO_INCREMENT,
  `Numero` int(11) NOT NULL,
  `IdLivro` int(11) NOT NULL,
  PRIMARY KEY (`IdPagina`),
  KEY `IdLivro_idx` (`IdLivro`)
) ENGINE=InnoDB AUTO_INCREMENT=1285 DEFAULT CHARSET=utf8;

--
-- Extraindo dados da tabela `paginas`
--

INSERT INTO `paginas` (`IdPagina`, `Numero`, `IdLivro`) VALUES
(1, 1, 1),
(2, 2, 1),
(3, 3, 1),
(4, 4, 1),
(5, 5, 1),
(6, 6, 1),
(7, 7, 1),
(8, 8, 1),
(9, 9, 1),
(10, 10, 1),
(11, 11, 1),
(12, 12, 1),
(13, 13, 1),
(14, 14, 1),
(15, 15, 1),
(16, 16, 1),
(17, 17, 1),
(18, 18, 1),
(19, 19, 1),
(20, 20, 1),
(21, 21, 1),
(22, 22, 1),
(23, 23, 1),
(24, 24, 1),
(25, 25, 1),
(26, 26, 1),
(27, 27, 1),
(28, 28, 1),
(29, 29, 1),
(30, 30, 1),
(31, 31, 1),
(32, 32, 1),
(33, 33, 1),
(34, 34, 1),
(35, 35, 1),
(36, 36, 1),
(37, 37, 1),
(38, 38, 1),
(39, 39, 1),
(40, 40, 1),
(41, 41, 1),
(42, 42, 1),
(43, 43, 1),
(44, 44, 1),
(45, 45, 1),
(46, 46, 1),
(47, 47, 1),
(48, 48, 1),
(49, 49, 1),
(50, 50, 1),
(51, 51, 1),
(52, 52, 1),
(53, 53, 2),
(54, 54, 2),
(55, 55, 2),
(56, 56, 2),
(57, 57, 2),
(58, 58, 2),
(59, 59, 2),
(60, 60, 2),
(61, 61, 2),
(62, 62, 2),
(63, 63, 2),
(64, 64, 2),
(65, 65, 2),
(66, 66, 2),
(67, 67, 2),
(68, 68, 2),
(69, 69, 2),
(70, 70, 2),
(71, 71, 2),
(72, 72, 2),
(73, 73, 2),
(74, 74, 2),
(75, 75, 2),
(76, 76, 2),
(77, 77, 2),
(78, 78, 2),
(79, 79, 2),
(80, 80, 2),
(81, 81, 2),
(82, 82, 2),
(83, 83, 2),
(84, 84, 2),
(85, 85, 2),
(86, 86, 2),
(87, 87, 2),
(88, 88, 2),
(89, 89, 2),
(90, 90, 2),
(91, 91, 2),
(92, 92, 2),
(93, 93, 2),
(94, 94, 2),
(95, 95, 2),
(96, 96, 2),
(97, 97, 2),
(98, 98, 2),
(99, 99, 2),
(100, 100, 2),
(101, 101, 2),
(102, 102, 2),
(103, 103, 2),
(104, 104, 2),
(105, 105, 2),
(106, 106, 2),
(107, 107, 2),
(108, 108, 2),
(109, 109, 2),
(110, 110, 2),
(111, 111, 2),
(112, 112, 2),
(113, 113, 2),
(114, 114, 2),
(115, 115, 2),
(116, 116, 2),
(117, 117, 2),
(118, 118, 2),
(119, 119, 2),
(120, 120, 2),
(121, 121, 2),
(122, 122, 2),
(123, 123, 2),
(124, 124, 2),
(125, 125, 2),
(126, 126, 2),
(127, 127, 2),
(128, 128, 2),
(129, 129, 3),
(130, 130, 3),
(131, 131, 3),
(132, 132, 3),
(133, 133, 3),
(134, 134, 3),
(135, 135, 3),
(136, 136, 3),
(137, 137, 3),
(138, 138, 3),
(139, 139, 3),
(140, 140, 3),
(141, 141, 3),
(142, 142, 3),
(143, 143, 3),
(144, 144, 3),
(145, 145, 3),
(146, 146, 3),
(147, 147, 3),
(148, 148, 3),
(149, 149, 3),
(150, 150, 3),
(151, 151, 3),
(152, 152, 3),
(153, 153, 3),
(154, 154, 3),
(155, 155, 3),
(156, 156, 3),
(157, 157, 3),
(158, 158, 3),
(159, 159, 3),
(160, 160, 3),
(161, 161, 3),
(162, 162, 3),
(163, 163, 3),
(164, 164, 3),
(165, 165, 3),
(166, 166, 3),
(167, 167, 3),
(168, 168, 3),
(169, 169, 3),
(170, 170, 3),
(171, 171, 3),
(172, 172, 3),
(173, 173, 3),
(174, 174, 3),
(175, 175, 3),
(176, 176, 3),
(177, 177, 3),
(178, 178, 3),
(179, 179, 3),
(180, 180, 3),
(181, 181, 3),
(182, 182, 3),
(183, 183, 3),
(184, 184, 3),
(185, 185, 3),
(186, 186, 3),
(187, 187, 3),
(188, 188, 3),
(189, 189, 3),
(190, 190, 3),
(191, 191, 3),
(192, 192, 3),
(193, 193, 3),
(194, 194, 3),
(195, 195, 3),
(196, 196, 3),
(197, 197, 3),
(198, 198, 3),
(199, 199, 3),
(200, 200, 3),
(201, 201, 3),
(202, 202, 3),
(203, 203, 3),
(204, 204, 3),
(205, 205, 3),
(206, 206, 3),
(207, 207, 3),
(208, 208, 3),
(209, 209, 3),
(210, 210, 3),
(211, 211, 4),
(212, 212, 4),
(213, 213, 4),
(214, 214, 4),
(215, 215, 4),
(216, 216, 4),
(217, 217, 4),
(218, 218, 4),
(219, 219, 4),
(220, 220, 4),
(221, 221, 4),
(222, 222, 4),
(223, 223, 4),
(224, 224, 4),
(225, 225, 4),
(226, 226, 4),
(227, 227, 4),
(228, 228, 4),
(229, 229, 4),
(230, 230, 4),
(231, 231, 4),
(232, 232, 4),
(233, 233, 4),
(234, 234, 4),
(235, 235, 4),
(236, 236, 4),
(237, 237, 4),
(238, 238, 4),
(239, 239, 4),
(240, 240, 4),
(241, 241, 4),
(242, 242, 4),
(243, 243, 4),
(244, 244, 4),
(245, 245, 4),
(246, 246, 4),
(247, 247, 4),
(248, 248, 4),
(249, 249, 4),
(250, 250, 4),
(251, 251, 4),
(252, 252, 4),
(253, 253, 4),
(254, 254, 4),
(255, 255, 4),
(256, 256, 4),
(257, 257, 4),
(258, 258, 4),
(259, 259, 4),
(260, 260, 4),
(261, 261, 4),
(262, 262, 4),
(263, 263, 4),
(264, 264, 4),
(265, 265, 4),
(266, 266, 4),
(267, 267, 4),
(268, 268, 4),
(269, 269, 4),
(270, 270, 4),
(271, 271, 4),
(272, 272, 4),
(273, 273, 4),
(274, 274, 4),
(275, 275, 4),
(276, 276, 4),
(277, 277, 4),
(278, 278, 4),
(279, 279, 4),
(280, 280, 4),
(281, 281, 4),
(282, 282, 4),
(283, 283, 4),
(284, 284, 4),
(285, 285, 4),
(286, 286, 4),
(287, 287, 4),
(288, 288, 4),
(289, 289, 4),
(290, 290, 4),
(291, 291, 4),
(292, 292, 4),
(293, 293, 4),
(294, 294, 4),
(295, 295, 4),
(296, 296, 4),
(297, 297, 4),
(298, 298, 4),
(299, 299, 4),
(300, 300, 4),
(301, 301, 4),
(302, 302, 4),
(303, 303, 4),
(304, 304, 4),
(305, 305, 4),
(306, 306, 4),
(307, 307, 4),
(308, 308, 4),
(309, 309, 4),
(310, 310, 4),
(311, 311, 4),
(312, 312, 4),
(313, 313, 4),
(314, 315, 5),
(315, 316, 5),
(316, 317, 5),
(317, 318, 5),
(318, 319, 5),
(319, 320, 5),
(320, 321, 5),
(321, 322, 5),
(322, 323, 5),
(323, 324, 5),
(324, 325, 5),
(325, 326, 5),
(326, 327, 5),
(327, 328, 5),
(328, 329, 5),
(329, 330, 5),
(330, 331, 5),
(331, 332, 5),
(332, 333, 5),
(333, 334, 5),
(334, 335, 5),
(335, 336, 5),
(336, 337, 5),
(337, 338, 5),
(338, 339, 5),
(339, 340, 5),
(340, 341, 5),
(341, 342, 5),
(342, 343, 5),
(343, 344, 5),
(344, 345, 5),
(345, 346, 5),
(346, 347, 5),
(347, 348, 5),
(348, 349, 5),
(349, 350, 5),
(350, 351, 5),
(351, 352, 5),
(352, 353, 5),
(353, 354, 5),
(354, 355, 5),
(355, 356, 5),
(356, 357, 5),
(357, 358, 5),
(358, 359, 5),
(359, 360, 5),
(360, 361, 5),
(361, 362, 5),
(362, 363, 5),
(363, 364, 5),
(364, 365, 5),
(365, 366, 5),
(366, 367, 5),
(367, 368, 5),
(368, 369, 5),
(369, 370, 5),
(370, 371, 5),
(371, 372, 5),
(372, 373, 5),
(373, 374, 5),
(374, 375, 5),
(375, 376, 5),
(376, 377, 5),
(377, 378, 5),
(378, 379, 5),
(379, 380, 5),
(380, 381, 5),
(381, 382, 5),
(382, 383, 5),
(383, 384, 5),
(384, 385, 5),
(385, 386, 5),
(386, 387, 5),
(387, 388, 5),
(388, 389, 5),
(389, 390, 5),
(390, 391, 5),
(391, 392, 5),
(392, 393, 5),
(393, 394, 5),
(394, 395, 5),
(395, 396, 5),
(396, 397, 5),
(397, 398, 5),
(398, 399, 5),
(399, 400, 5),
(400, 401, 5),
(401, 402, 5),
(402, 403, 5),
(403, 404, 5),
(404, 405, 5),
(405, 406, 5),
(406, 407, 5),
(407, 408, 5),
(408, 409, 5),
(409, 410, 5),
(410, 411, 5),
(411, 412, 5),
(412, 413, 5),
(413, 415, 6),
(414, 416, 6),
(415, 417, 6),
(416, 418, 6),
(417, 419, 6),
(418, 420, 6),
(419, 421, 6),
(420, 422, 6),
(421, 423, 6),
(422, 424, 6),
(423, 425, 6),
(424, 426, 6),
(425, 427, 6),
(426, 428, 6),
(427, 429, 6),
(428, 430, 6),
(429, 431, 6),
(430, 432, 6),
(431, 433, 6),
(432, 434, 6),
(433, 435, 6),
(434, 436, 6),
(435, 437, 6),
(436, 438, 6),
(437, 439, 6),
(438, 440, 6),
(439, 441, 6),
(440, 442, 6),
(441, 443, 6),
(442, 444, 6),
(443, 445, 6),
(444, 446, 6),
(445, 447, 6),
(446, 448, 6),
(447, 449, 6),
(448, 450, 6),
(449, 451, 6),
(450, 452, 6),
(451, 453, 6),
(452, 454, 6),
(453, 455, 6),
(454, 456, 6),
(455, 457, 6),
(456, 458, 6),
(457, 459, 6),
(458, 460, 6),
(459, 461, 6),
(460, 462, 6),
(461, 463, 6),
(462, 464, 6),
(463, 465, 6),
(464, 466, 6),
(465, 467, 6),
(466, 468, 6),
(467, 469, 6),
(468, 470, 6),
(469, 471, 6),
(470, 472, 6),
(471, 473, 6),
(472, 474, 6),
(473, 475, 6),
(474, 476, 6),
(475, 477, 6),
(476, 478, 6),
(477, 479, 6),
(478, 480, 6),
(479, 481, 6),
(480, 482, 6),
(481, 483, 6),
(482, 484, 6),
(483, 485, 6),
(484, 486, 6),
(485, 487, 6),
(486, 488, 6),
(487, 489, 6),
(488, 490, 6),
(489, 491, 6),
(490, 492, 6),
(491, 493, 6),
(492, 494, 6),
(493, 495, 6),
(494, 496, 6),
(495, 497, 6),
(496, 498, 6),
(497, 499, 6),
(498, 500, 6),
(499, 501, 6),
(500, 502, 6),
(501, 503, 6),
(502, 505, 7),
(503, 506, 7),
(504, 507, 7),
(505, 508, 7),
(506, 509, 7),
(507, 510, 7),
(508, 511, 7),
(509, 512, 7),
(510, 513, 7),
(511, 514, 7),
(512, 515, 7),
(513, 516, 7),
(514, 517, 7),
(515, 518, 7),
(516, 519, 7),
(517, 520, 7),
(518, 521, 7),
(519, 522, 7),
(520, 523, 7),
(521, 524, 7),
(522, 525, 7),
(523, 526, 7),
(524, 527, 7),
(525, 528, 7),
(526, 529, 7),
(527, 530, 7),
(528, 531, 7),
(529, 532, 7),
(530, 533, 7),
(531, 534, 7),
(532, 535, 7),
(533, 536, 7),
(534, 537, 7),
(535, 538, 7),
(536, 539, 7),
(537, 540, 7),
(538, 541, 7),
(539, 542, 7),
(540, 543, 7),
(541, 544, 7),
(542, 545, 7),
(543, 546, 7),
(544, 547, 7),
(545, 548, 7),
(546, 549, 7),
(547, 550, 7),
(548, 551, 7),
(549, 552, 7),
(550, 553, 7),
(551, 554, 7),
(552, 555, 7),
(553, 556, 7),
(554, 557, 7),
(555, 558, 7),
(556, 559, 7),
(557, 560, 7),
(558, 561, 7),
(559, 562, 7),
(560, 563, 7),
(561, 564, 7),
(562, 565, 7),
(563, 566, 7),
(564, 567, 7),
(565, 568, 7),
(566, 569, 7),
(567, 570, 7),
(568, 571, 7),
(569, 572, 7),
(570, 573, 7),
(571, 574, 7),
(572, 575, 7),
(573, 576, 7),
(574, 577, 7),
(575, 578, 7),
(576, 579, 7),
(577, 580, 7),
(578, 581, 7),
(579, 582, 7),
(580, 583, 7),
(581, 584, 7),
(582, 585, 7),
(583, 586, 7),
(584, 587, 7),
(585, 588, 7),
(586, 589, 7),
(587, 590, 7),
(588, 591, 7),
(589, 592, 7),
(590, 593, 7),
(591, 594, 7),
(592, 595, 7),
(593, 596, 7),
(594, 597, 7),
(595, 598, 7),
(596, 599, 7),
(597, 600, 7),
(598, 601, 7),
(599, 602, 7),
(693, 603, 8),
(694, 604, 8),
(695, 605, 8),
(696, 606, 8),
(697, 607, 8),
(698, 608, 8),
(699, 609, 8),
(700, 610, 8),
(701, 611, 8),
(702, 612, 8),
(703, 613, 8),
(704, 614, 8),
(705, 615, 8),
(706, 616, 8),
(707, 617, 8),
(708, 618, 8),
(709, 619, 8),
(710, 620, 8),
(711, 621, 8),
(712, 622, 8),
(713, 623, 8),
(714, 624, 8),
(715, 625, 8),
(716, 626, 8),
(717, 627, 8),
(718, 628, 8),
(719, 629, 8),
(720, 630, 8),
(721, 631, 8),
(722, 632, 8),
(723, 633, 8),
(724, 634, 8),
(725, 635, 8),
(726, 636, 8),
(727, 637, 8),
(728, 638, 8),
(729, 639, 8),
(730, 640, 8),
(731, 641, 8),
(732, 642, 8),
(733, 643, 8),
(734, 644, 8),
(735, 645, 8),
(736, 646, 8),
(737, 647, 8),
(738, 648, 8),
(739, 649, 8),
(740, 650, 8),
(741, 651, 8),
(742, 652, 8),
(743, 653, 8),
(744, 654, 8),
(745, 655, 8),
(746, 656, 8),
(747, 657, 8),
(748, 658, 8),
(749, 659, 8),
(750, 660, 8),
(751, 661, 8),
(752, 662, 8),
(753, 663, 8),
(754, 664, 8),
(755, 665, 8),
(756, 666, 8),
(757, 667, 8),
(758, 668, 8),
(759, 669, 8),
(760, 670, 8),
(761, 671, 8),
(762, 672, 8),
(763, 673, 8),
(764, 674, 8),
(765, 675, 8),
(766, 676, 8),
(767, 677, 8),
(768, 678, 8),
(769, 679, 8),
(770, 680, 8),
(771, 681, 8),
(772, 682, 8),
(773, 683, 8),
(774, 684, 8),
(775, 685, 8),
(776, 686, 8),
(777, 687, 8),
(778, 688, 8),
(779, 689, 8),
(780, 690, 8),
(781, 691, 8),
(782, 692, 8),
(783, 693, 8),
(784, 694, 8),
(785, 695, 8),
(786, 697, 9),
(787, 698, 9),
(788, 699, 9),
(789, 700, 9),
(790, 701, 9),
(791, 702, 9),
(792, 703, 9),
(793, 704, 9),
(794, 705, 9),
(795, 706, 9),
(796, 707, 9),
(797, 708, 9),
(798, 709, 9),
(799, 710, 9),
(800, 711, 9),
(801, 712, 9),
(802, 713, 9),
(803, 714, 9),
(804, 715, 9),
(805, 716, 9),
(806, 717, 9),
(807, 718, 9),
(808, 719, 9),
(809, 720, 9),
(810, 721, 9),
(811, 722, 9),
(812, 723, 9),
(813, 724, 9),
(814, 725, 9),
(815, 726, 9),
(816, 727, 9),
(817, 728, 9),
(818, 729, 9),
(819, 730, 9),
(820, 731, 9),
(821, 732, 9),
(822, 733, 9),
(823, 734, 9),
(824, 735, 9),
(825, 736, 9),
(826, 737, 9),
(827, 738, 9),
(828, 739, 9),
(829, 740, 9),
(830, 741, 9),
(831, 742, 9),
(832, 743, 9),
(833, 744, 9),
(834, 745, 9),
(835, 746, 9),
(836, 747, 9),
(837, 748, 9),
(838, 749, 9),
(839, 750, 9),
(840, 751, 9),
(841, 752, 9),
(842, 753, 9),
(843, 754, 9),
(844, 755, 9),
(845, 756, 9),
(846, 757, 9),
(847, 758, 9),
(848, 759, 9),
(849, 760, 9),
(850, 761, 9),
(851, 762, 9),
(852, 763, 9),
(853, 764, 9),
(854, 765, 9),
(855, 766, 9),
(856, 767, 9),
(857, 768, 9),
(858, 769, 9),
(859, 770, 9),
(860, 771, 9),
(861, 772, 9),
(862, 773, 9),
(863, 774, 9),
(864, 775, 9),
(865, 776, 9),
(866, 777, 9),
(867, 778, 9),
(868, 779, 9),
(869, 780, 9),
(870, 781, 9),
(871, 782, 9),
(872, 783, 9),
(873, 784, 9),
(874, 785, 9),
(875, 786, 9),
(876, 787, 9),
(877, 788, 9),
(878, 789, 9),
(879, 790, 9),
(880, 791, 9),
(881, 792, 9),
(882, 793, 9),
(883, 794, 9),
(884, 795, 9),
(885, 796, 9),
(886, 797, 9),
(887, 798, 9),
(888, 799, 9),
(889, 800, 9),
(890, 801, 9),
(891, 802, 9),
(892, 803, 9),
(893, 804, 9),
(894, 805, 9),
(895, 806, 9),
(896, 807, 9),
(897, 808, 9),
(898, 809, 9),
(899, 810, 9),
(900, 811, 9),
(901, 812, 9),
(902, 813, 9),
(903, 814, 9),
(904, 815, 9),
(905, 816, 9),
(906, 817, 9),
(907, 818, 9),
(908, 819, 9),
(909, 820, 9),
(910, 821, 9),
(911, 822, 9),
(912, 823, 10),
(913, 824, 10),
(914, 825, 10),
(915, 826, 10),
(916, 827, 10),
(917, 828, 10),
(918, 829, 10),
(919, 830, 10),
(920, 831, 10),
(921, 832, 10),
(922, 833, 10),
(923, 834, 10),
(924, 835, 10),
(925, 836, 10),
(926, 837, 10),
(927, 838, 10),
(928, 839, 10),
(929, 840, 10),
(930, 841, 10),
(931, 842, 10),
(932, 843, 10),
(933, 844, 10),
(934, 845, 10),
(935, 846, 10),
(936, 847, 10),
(937, 848, 10),
(938, 849, 10),
(939, 850, 10),
(940, 851, 10),
(941, 852, 10),
(942, 853, 10),
(943, 854, 10),
(944, 855, 10),
(945, 856, 10),
(946, 857, 10),
(947, 858, 10),
(948, 859, 10),
(949, 860, 10),
(950, 861, 10),
(951, 862, 10),
(952, 863, 10),
(953, 864, 10),
(954, 865, 10),
(955, 866, 10),
(956, 867, 10),
(957, 868, 10),
(958, 869, 10),
(959, 870, 10),
(960, 871, 10),
(961, 872, 10),
(962, 873, 10),
(963, 874, 10),
(964, 875, 10),
(965, 876, 10),
(966, 877, 10),
(967, 878, 10),
(968, 879, 10),
(969, 880, 10),
(970, 881, 10),
(971, 882, 10),
(972, 883, 10),
(973, 884, 10),
(974, 885, 10),
(975, 886, 10),
(976, 887, 10),
(977, 888, 10),
(978, 889, 10),
(979, 890, 10),
(980, 891, 10),
(981, 892, 10),
(982, 893, 10),
(983, 894, 10),
(984, 895, 10),
(985, 896, 10),
(986, 897, 10),
(987, 898, 10),
(988, 899, 10),
(989, 900, 10),
(990, 901, 10),
(991, 902, 10),
(992, 903, 10),
(993, 904, 10),
(994, 905, 10),
(995, 906, 10),
(996, 907, 10),
(997, 908, 10),
(998, 909, 10),
(999, 910, 10),
(1000, 911, 10),
(1001, 912, 10),
(1002, 913, 10),
(1003, 914, 10),
(1004, 915, 10),
(1005, 916, 10),
(1006, 917, 10),
(1007, 918, 10),
(1008, 919, 10),
(1009, 920, 10),
(1010, 921, 10),
(1011, 922, 10),
(1012, 923, 10),
(1013, 924, 10),
(1014, 925, 10),
(1015, 926, 10),
(1016, 927, 10),
(1017, 928, 10),
(1018, 929, 10),
(1019, 930, 10),
(1020, 931, 10),
(1021, 932, 10),
(1022, 933, 10),
(1023, 934, 10),
(1024, 935, 10),
(1025, 936, 10),
(1026, 937, 10),
(1027, 938, 10),
(1028, 939, 10),
(1029, 940, 10),
(1030, 941, 11),
(1031, 942, 11),
(1032, 943, 11),
(1033, 944, 11),
(1034, 945, 11),
(1035, 946, 11),
(1036, 947, 11),
(1037, 948, 11),
(1038, 949, 11),
(1039, 950, 11),
(1040, 951, 11),
(1041, 952, 11),
(1042, 953, 11),
(1043, 954, 11),
(1044, 955, 11),
(1045, 956, 11),
(1046, 957, 11),
(1047, 958, 11),
(1048, 959, 11),
(1049, 960, 11),
(1050, 961, 11),
(1051, 962, 11),
(1052, 963, 11),
(1053, 964, 11),
(1054, 965, 11),
(1055, 966, 11),
(1056, 967, 11),
(1057, 968, 11),
(1058, 969, 11),
(1059, 970, 11),
(1060, 971, 11),
(1061, 972, 11),
(1062, 973, 11),
(1063, 974, 11),
(1064, 975, 11),
(1065, 976, 11),
(1066, 977, 11),
(1067, 978, 11),
(1068, 979, 11),
(1069, 980, 11),
(1070, 981, 11),
(1071, 982, 11),
(1072, 983, 11),
(1073, 984, 11),
(1074, 985, 11),
(1075, 986, 11),
(1076, 987, 11),
(1077, 988, 11),
(1078, 989, 11),
(1079, 990, 11),
(1080, 991, 11),
(1081, 992, 11),
(1082, 993, 11),
(1083, 994, 11),
(1084, 995, 11),
(1085, 996, 11),
(1086, 997, 11),
(1087, 998, 11),
(1088, 999, 11),
(1089, 1000, 11),
(1090, 1001, 11),
(1091, 1002, 11),
(1092, 1003, 11),
(1093, 1004, 11),
(1094, 1005, 11),
(1095, 1006, 11),
(1096, 1007, 11),
(1097, 1008, 11),
(1098, 1009, 11),
(1099, 1010, 11),
(1100, 1011, 11),
(1101, 1012, 11),
(1102, 1013, 11),
(1103, 1014, 11),
(1104, 1015, 11),
(1105, 1016, 11),
(1106, 1017, 11),
(1107, 1018, 11),
(1108, 1019, 11),
(1109, 1020, 11),
(1110, 1021, 11),
(1111, 1022, 11),
(1112, 1023, 11),
(1113, 1024, 11),
(1114, 1025, 11),
(1115, 1026, 11),
(1116, 1027, 11),
(1117, 1028, 11),
(1118, 1029, 11),
(1119, 1030, 11),
(1120, 1031, 11),
(1121, 1032, 11),
(1122, 1033, 11),
(1123, 1034, 11),
(1124, 1035, 11),
(1125, 1036, 11),
(1126, 1037, 11),
(1127, 1038, 11),
(1128, 1039, 11),
(1129, 1040, 11),
(1130, 1041, 11),
(1131, 1042, 11),
(1132, 1043, 11),
(1133, 1044, 11),
(1134, 1045, 11),
(1135, 1046, 11),
(1136, 1047, 11),
(1137, 1048, 11),
(1138, 1049, 11),
(1139, 1050, 11),
(1140, 1051, 11),
(1141, 1052, 11),
(1142, 1053, 11),
(1143, 1054, 11),
(1144, 1055, 11),
(1145, 1056, 11),
(1146, 1057, 11),
(1147, 1058, 11),
(1148, 1059, 11),
(1149, 1060, 11),
(1150, 1061, 11),
(1151, 1062, 11),
(1152, 1063, 11),
(1153, 1064, 11),
(1154, 1065, 11),
(1155, 1066, 11),
(1156, 1067, 11),
(1157, 1068, 11),
(1158, 1075, 12),
(1159, 1076, 12),
(1160, 1077, 12),
(1161, 1078, 12),
(1162, 1079, 12),
(1163, 1080, 12),
(1164, 1081, 12),
(1165, 1082, 12),
(1166, 1083, 12),
(1167, 1084, 12),
(1168, 1085, 12),
(1169, 1086, 12),
(1170, 1087, 12),
(1171, 1088, 12),
(1172, 1089, 12),
(1173, 1090, 12),
(1174, 1091, 12),
(1175, 1092, 12),
(1176, 1093, 12),
(1177, 1094, 12),
(1178, 1095, 12),
(1179, 1096, 12),
(1180, 1097, 12),
(1181, 1098, 12),
(1182, 1099, 12),
(1183, 1100, 12),
(1184, 1101, 12),
(1185, 1102, 12),
(1186, 1103, 12),
(1187, 1104, 12),
(1188, 1105, 12),
(1189, 1106, 12),
(1190, 1107, 12),
(1191, 1108, 12),
(1192, 1109, 12),
(1193, 1110, 12),
(1194, 1111, 12),
(1195, 1112, 12),
(1196, 1113, 12),
(1197, 1114, 12),
(1198, 1115, 12),
(1199, 1116, 12),
(1200, 1117, 12),
(1201, 1118, 12),
(1202, 1119, 12),
(1203, 1120, 12),
(1204, 1121, 12),
(1205, 1122, 12),
(1206, 1123, 12),
(1207, 1124, 12),
(1208, 1125, 12),
(1209, 1126, 12),
(1210, 1127, 12),
(1211, 1128, 12),
(1212, 1129, 12),
(1213, 1130, 12),
(1214, 1131, 12),
(1215, 1132, 12),
(1216, 1133, 12),
(1217, 1134, 12),
(1218, 1135, 12),
(1219, 1136, 12),
(1220, 1137, 12),
(1221, 1138, 12),
(1222, 1139, 12),
(1223, 1140, 12),
(1224, 1141, 12),
(1225, 1142, 12),
(1226, 1143, 12),
(1227, 1144, 12),
(1228, 1145, 12),
(1229, 1146, 12),
(1230, 1147, 12),
(1231, 1148, 12),
(1232, 1149, 12),
(1233, 1150, 12),
(1234, 1151, 12),
(1235, 1152, 12),
(1236, 1153, 12),
(1237, 1154, 12),
(1238, 1155, 12),
(1239, 1156, 12),
(1240, 1157, 12),
(1241, 1158, 12),
(1242, 1159, 12),
(1243, 1160, 12),
(1244, 1161, 12),
(1245, 1162, 12),
(1246, 1163, 12),
(1247, 1164, 12),
(1248, 1165, 12),
(1249, 1166, 12),
(1250, 1167, 12),
(1251, 1168, 12),
(1252, 1169, 12),
(1253, 1170, 12),
(1254, 1171, 12),
(1255, 1172, 12),
(1256, 1173, 12),
(1257, 1174, 12),
(1258, 1175, 12),
(1259, 1176, 12),
(1260, 1177, 12),
(1261, 1178, 12),
(1262, 1179, 12),
(1263, 1180, 12),
(1264, 1181, 12),
(1265, 1182, 12),
(1266, 1183, 12),
(1267, 1184, 12),
(1268, 1185, 12),
(1269, 1186, 12),
(1270, 1187, 12),
(1271, 1188, 12),
(1272, 1189, 12),
(1273, 1190, 12),
(1274, 1191, 12),
(1275, 1192, 12),
(1276, 1193, 12),
(1277, 1194, 12),
(1278, 1195, 12),
(1279, 1196, 12),
(1280, 1197, 12),
(1281, 1198, 12),
(1282, 1199, 12),
(1283, 1200, 12),
(1284, 1201, 12);

-- --------------------------------------------------------

--
-- Estrutura da tabela `parcelas`
--

DROP TABLE IF EXISTS `parcelas`;
CREATE TABLE IF NOT EXISTS `parcelas` (
  `id` int(11) NOT NULL AUTO_INCREMENT,
  `valor` float NOT NULL,
  `dataVencimento` date NOT NULL,
  `categoria` int(11) NOT NULL,
  `desconto` float DEFAULT NULL,
  `bolsa` int(11) DEFAULT NULL,
  `situacao_parcela` varchar(45) NOT NULL,
  `observacoes` text,
  `numero` int(3) NOT NULL,
  `aluno` int(11) NOT NULL,
  `valor_recebido` float DEFAULT NULL,
  `troco` float DEFAULT NULL,
  `operadora_de_cartao` int(11) DEFAULT NULL,
  `data_recebimento` date DEFAULT NULL,
  `desconto_momento_recebimento` double DEFAULT '0',
  `forma_de_cobranca` int(11) DEFAULT NULL,
  `complemento` varchar(55) DEFAULT NULL,
  `documento` varchar(55) DEFAULT NULL,
  PRIMARY KEY (`id`),
  KEY `_idx` (`categoria`),
  KEY `situacao_parcela_idx` (`situacao_parcela`),
  KEY `aluno_idx` (`aluno`),
  KEY `bandeira_idx` (`operadora_de_cartao`),
  KEY `forma_de_cobranca_idx` (`forma_de_cobranca`)
) ENGINE=InnoDB DEFAULT CHARSET=utf8;

-- --------------------------------------------------------

--
-- Estrutura da tabela `parcelas_categorias`
--

DROP TABLE IF EXISTS `parcelas_categorias`;
CREATE TABLE IF NOT EXISTS `parcelas_categorias` (
  `id` int(11) NOT NULL AUTO_INCREMENT,
  `nome` varchar(45) NOT NULL,
  PRIMARY KEY (`id`),
  UNIQUE KEY `nome_UNIQUE` (`nome`)
) ENGINE=InnoDB AUTO_INCREMENT=15 DEFAULT CHARSET=utf8;

--
-- Extraindo dados da tabela `parcelas_categorias`
--

INSERT INTO `parcelas_categorias` (`id`, `nome`) VALUES
(14, 'Acordo'),
(13, 'Aula VIP'),
(12, 'Book'),
(11, 'Devolução de Cheques'),
(10, 'Estorno de Parcelas'),
(9, 'Juros'),
(1, 'Mensalidade'),
(8, 'Mensalidade Retroativa'),
(7, 'Misto'),
(6, 'Recisão'),
(2, 'Taxa de Matrícula'),
(3, 'Tranca'),
(4, 'Transferência'),
(5, 'Troco');

-- --------------------------------------------------------

--
-- Estrutura da tabela `parcerias`
--

DROP TABLE IF EXISTS `parcerias`;
CREATE TABLE IF NOT EXISTS `parcerias` (
  `id` int(11) NOT NULL AUTO_INCREMENT,
  `nome` varchar(45) NOT NULL,
  `descricao` varchar(255) DEFAULT NULL,
  `descontoMensalidade` int(11) DEFAULT '0',
  `descontoMatricula` int(11) DEFAULT '0',
  PRIMARY KEY (`id`)
) ENGINE=MyISAM DEFAULT CHARSET=utf8;

-- --------------------------------------------------------

--
-- Estrutura da tabela `programacao_estagios`
--

DROP TABLE IF EXISTS `programacao_estagios`;
CREATE TABLE IF NOT EXISTS `programacao_estagios` (
  `IdProgramacao_Estagio` int(11) NOT NULL AUTO_INCREMENT,
  `Numero` int(11) NOT NULL,
  `PaginaInicial` int(11) DEFAULT NULL,
  `PaginaFinal` int(11) DEFAULT NULL,
  `IdEstagio` int(11) NOT NULL,
  `Descricao` varchar(50) DEFAULT NULL,
  PRIMARY KEY (`IdProgramacao_Estagio`),
  KEY `IdEstagio_Programacao_Estagios_idx` (`IdEstagio`)
) ENGINE=InnoDB AUTO_INCREMENT=679 DEFAULT CHARSET=utf8;

--
-- Extraindo dados da tabela `programacao_estagios`
--

INSERT INTO `programacao_estagios` (`IdProgramacao_Estagio`, `Numero`, `PaginaInicial`, `PaginaFinal`, `IdEstagio`, `Descricao`) VALUES
(1, 1, 1, 3, 2, NULL),
(2, 2, 4, 6, 2, NULL),
(3, 3, 7, 9, 2, NULL),
(4, 4, 10, 12, 2, NULL),
(5, 5, 13, 15, 2, NULL),
(6, 6, 16, 18, 2, NULL),
(7, 7, 19, 21, 2, NULL),
(8, 8, 22, 24, 2, NULL),
(9, 9, 25, 27, 2, NULL),
(10, 10, 28, 30, 2, NULL),
(11, 11, 31, 33, 2, NULL),
(12, 12, 34, 36, 2, NULL),
(13, 13, 37, 39, 2, NULL),
(14, 14, 40, 42, 2, NULL),
(15, 15, 43, 45, 2, NULL),
(16, 16, 46, 48, 2, NULL),
(17, 17, 49, 50, 2, NULL),
(18, 18, 51, 52, 2, NULL),
(19, 1, 53, 55, 3, NULL),
(20, 2, 56, 58, 3, NULL),
(21, 3, 59, 61, 3, NULL),
(22, 4, 62, 64, 3, NULL),
(23, 5, 65, 67, 3, NULL),
(24, 6, 68, 70, 3, NULL),
(25, 7, 71, 73, 3, NULL),
(26, 8, 74, 76, 3, NULL),
(27, 9, 77, 79, 3, NULL),
(28, 10, 80, 82, 3, NULL),
(29, 11, 83, 85, 3, NULL),
(30, 12, 86, 88, 3, NULL),
(31, 13, 89, 91, 3, NULL),
(32, 14, 92, 94, 3, NULL),
(33, 15, 95, 97, 3, NULL),
(34, 16, 98, 101, 3, NULL),
(35, 17, 102, 104, 3, NULL),
(36, 18, 105, 107, 3, NULL),
(37, 19, 108, 110, 3, NULL),
(38, 20, 111, 113, 3, NULL),
(39, 21, 114, 116, 3, NULL),
(40, 22, 117, 119, 3, NULL),
(41, 23, 120, 123, 3, NULL),
(42, 24, 124, 126, 3, NULL),
(43, 25, 127, 128, 3, NULL),
(52, 1, 129, 131, 4, NULL),
(53, 2, 132, 134, 4, NULL),
(54, 3, 135, 138, 4, NULL),
(55, 4, 139, 141, 4, NULL),
(56, 5, 142, 144, 4, NULL),
(57, 6, 145, 147, 4, NULL),
(58, 7, 148, 150, 4, NULL),
(59, 8, 151, 153, 4, NULL),
(60, 9, NULL, NULL, 4, 'Exer. Comp. Surp.'),
(61, 10, 154, 156, 4, NULL),
(62, 11, 157, 159, 4, NULL),
(63, 12, 160, 162, 4, NULL),
(64, 13, 163, 165, 4, NULL),
(65, 14, 166, 168, 4, NULL),
(66, 15, NULL, NULL, 4, 'Exer. Comp. Surp.'),
(67, 16, 169, 171, 4, NULL),
(68, 17, 172, 174, 4, NULL),
(69, 18, 175, 176, 4, NULL),
(70, 19, 177, 178, 4, NULL),
(71, 20, 179, 181, 4, NULL),
(72, 21, 182, 183, 4, NULL),
(73, 22, 184, 186, 4, NULL),
(74, 23, 187, 189, 4, NULL),
(75, 24, 190, 192, 4, NULL),
(76, 25, 193, 195, 4, NULL),
(77, 26, 196, 197, 4, NULL),
(78, 27, 198, 200, 4, NULL),
(79, 28, NULL, NULL, 4, 'Exer. Past Simple'),
(80, 29, 201, 203, 4, NULL),
(81, 31, 206, 208, 4, NULL),
(82, 32, 209, 210, 4, 'Exerc. Inter. Text'),
(83, 33, NULL, NULL, 4, 'Revision Stg 3 / Part 1'),
(84, 34, NULL, NULL, 4, 'Revision Stf 3 / Part 2'),
(85, 35, NULL, NULL, 4, 'Revision Exercise'),
(86, 36, NULL, NULL, 4, 'Test Stg 3 / Grammar'),
(87, 37, NULL, NULL, 4, 'Test Stg 3 / List. Writ.'),
(88, 38, NULL, NULL, 4, 'Test Stg 3 / Oral'),
(89, 1, 211, 213, 5, NULL),
(90, 2, 213, 215, 5, NULL),
(91, 3, 216, 217, 5, NULL),
(92, 4, 218, 220, 5, NULL),
(93, 5, 221, 223, 5, NULL),
(94, 6, 224, 225, 5, NULL),
(95, 7, 226, 228, 5, NULL),
(96, 8, NULL, NULL, 5, 'Exercise Irreg. Verbs'),
(97, 9, 229, 231, 5, NULL),
(98, 10, 232, 234, 5, NULL),
(99, 11, 235, 236, 5, NULL),
(100, 12, 237, 239, 5, NULL),
(101, 13, 240, 241, 5, 'Ex. Future Tense'),
(102, 14, 242, 244, 5, NULL),
(103, 15, 245, 248, 5, NULL),
(104, 16, 250, 252, 5, NULL),
(105, 17, 253, 256, 5, NULL),
(106, 18, 257, 259, 5, NULL),
(107, 19, 260, 262, 5, NULL),
(108, 20, 263, 265, 5, NULL),
(109, 21, 266, 268, 5, NULL),
(110, 22, 269, 271, 5, NULL),
(111, 23, NULL, NULL, 5, 'Exercise Present Perfect'),
(112, 24, 270, 273, 5, NULL),
(113, 25, 274, 276, 5, NULL),
(114, 26, 277, 279, 5, NULL),
(115, 27, 280, 283, 5, NULL),
(116, 28, 284, 285, 5, NULL),
(117, 29, NULL, NULL, 5, 'Exercise Present Perfect'),
(118, 30, 286, 288, 5, NULL),
(119, 31, 289, 290, 5, NULL),
(120, 32, 291, 293, 5, NULL),
(121, 33, 294, 295, 5, NULL),
(122, 34, 296, 298, 5, NULL),
(123, 35, 299, 301, 5, NULL),
(124, 36, 302, 304, 5, NULL),
(125, 37, 305, 307, 5, NULL),
(126, 38, 308, 310, 5, NULL),
(127, 39, 311, 313, 5, 'Ex. Inter. Text'),
(128, 40, NULL, NULL, 5, 'Revision of Stg 3'),
(129, 41, NULL, NULL, 5, 'Revision of Stg 4 / Part1'),
(130, 42, NULL, NULL, 5, 'Revision of Stg 4 / Part 2'),
(131, 43, NULL, NULL, 5, 'Revision of Stg 4 / Part 3'),
(132, 44, NULL, NULL, 5, 'Revision Exercise'),
(133, 45, NULL, NULL, 5, 'Test Stg 4 / Grammar'),
(134, 46, NULL, NULL, 5, 'Test Stg 4 / List. Writ.'),
(135, 47, NULL, NULL, 5, 'Test Stg / Oral'),
(136, 1, 315, 317, 6, NULL),
(137, 2, 318, 321, 6, NULL),
(138, 3, 322, 323, 6, NULL),
(139, 4, 324, 326, 6, NULL),
(140, 5, 327, 329, 6, NULL),
(141, 6, 330, 333, 6, NULL),
(142, 7, 334, 335, 6, NULL),
(143, 8, 336, 338, 6, NULL),
(144, 9, 339, 341, 6, NULL),
(145, 10, 343, 344, 6, NULL),
(146, 11, 345, 347, 6, NULL),
(147, 12, 347, 349, 6, NULL),
(148, 13, NULL, NULL, 6, 'Exercise Passive and Active Voice'),
(149, 14, NULL, NULL, 6, 'Grammar Review'),
(150, 15, 350, 352, 6, NULL),
(151, 16, 353, 355, 6, NULL),
(152, 17, 356, 358, 6, NULL),
(153, 18, 359, 361, 6, NULL),
(154, 19, 362, 364, 6, NULL),
(155, 20, 365, 367, 6, NULL),
(156, 21, 368, 370, 6, NULL),
(157, 22, 371, 373, 6, NULL),
(158, 23, 374, 376, 6, NULL),
(159, 24, NULL, NULL, 6, 'Exercise Past Perfect'),
(160, 25, 377, 379, 6, NULL),
(161, 26, 380, 382, 6, NULL),
(162, 27, 383, 385, 6, NULL),
(163, 28, 386, 387, 6, NULL),
(164, 29, 388, 391, 6, NULL),
(165, 30, 392, 394, 6, NULL),
(166, 31, 395, 397, 6, NULL),
(167, 32, 398, 400, 6, NULL),
(168, 33, 401, 403, 6, NULL),
(169, 34, 404, 406, 6, NULL),
(170, 35, 407, 409, 6, NULL),
(171, 36, 410, 413, 6, NULL),
(172, 37, NULL, NULL, 6, 'Revision of Stg 5 / Part 1'),
(173, 38, NULL, NULL, 6, 'Revision of Stg 5 / Part 2'),
(174, 39, NULL, NULL, 6, 'Revision of Stg 5 / Part 3'),
(175, 40, NULL, NULL, 6, 'Revision Exercise'),
(176, 41, NULL, NULL, 6, 'Test Stg 5 / Grammar'),
(177, 42, NULL, NULL, 6, 'Test Stg 5 / List. Writ.'),
(178, 43, NULL, NULL, 6, 'Test Stg 5 / Oral'),
(179, 1, 415, 417, 7, NULL),
(180, 2, 418, 419, 7, NULL),
(181, 3, 420, 423, 7, NULL),
(182, 4, NULL, NULL, 7, 'Exercise Will X Going to'),
(183, 5, 424, 427, 7, NULL),
(184, 6, 428, 430, 7, NULL),
(185, 7, 431, 433, 7, NULL),
(186, 8, NULL, NULL, 7, 'Exercise Future Perfect'),
(187, 9, 434, 436, 7, NULL),
(188, 10, 437, 439, 7, NULL),
(189, 11, 440, 442, 7, NULL),
(190, 12, 443, 445, 7, NULL),
(191, 13, 446, 448, 7, NULL),
(192, 14, NULL, NULL, 7, 'Exercise Direct and Indirect Speech'),
(193, 15, 449, 451, 7, NULL),
(194, 16, 452, 453, 7, NULL),
(195, 17, 454, 456, 7, NULL),
(196, 18, 457, 459, 7, NULL),
(197, 19, 460, 462, 7, NULL),
(198, 20, 463, 465, 7, NULL),
(199, 21, 466, 468, 7, NULL),
(200, 22, 468, 470, 7, NULL),
(201, 23, NULL, NULL, 7, 'Exercise Perfect Continuous'),
(202, 24, 471, 473, 7, NULL),
(203, 25, 474, 476, 7, NULL),
(204, 26, 477, 479, 7, NULL),
(205, 27, 480, 482, 7, NULL),
(206, 28, 483, 485, 7, NULL),
(207, 29, 486, 488, 7, NULL),
(208, 30, 489, 491, 7, NULL),
(209, 31, 492, 494, 7, NULL),
(210, 32, 495, 497, 7, NULL),
(211, 33, 498, 500, 7, NULL),
(212, 34, 501, 503, 7, NULL),
(213, 35, NULL, NULL, 7, 'Revision of stg 5 / Part1'),
(214, 36, NULL, NULL, 7, 'Revision of stg 5 / Part 2'),
(215, 37, NULL, NULL, 7, 'Revision of stg 6 / Part 1'),
(216, 38, NULL, NULL, 7, 'Revision of stg 6 / Part 2'),
(217, 39, NULL, NULL, 7, 'Revision of stg 6 / Part 3'),
(218, 40, NULL, NULL, 7, 'Revision Exercise'),
(219, 41, NULL, NULL, 7, 'Test Stg 6 / Grammar'),
(220, 42, NULL, NULL, 7, 'Test Stg 6 / List. Writ.'),
(221, 43, NULL, NULL, 7, 'Test Stg 6 / Oral'),
(222, 1, 505, 507, 8, NULL),
(223, 2, 508, 510, 8, NULL),
(224, 3, 511, 513, 8, NULL),
(225, 4, 514, 516, 8, NULL),
(226, 5, 517, 519, 8, NULL),
(227, 6, 520, 522, 8, NULL),
(228, 7, 523, 525, 8, NULL),
(229, 8, 526, 528, 8, NULL),
(230, 9, 529, 531, 8, NULL),
(231, 10, 532, 534, 8, NULL),
(232, 11, 535, 537, 8, NULL),
(233, 12, 538, 539, 8, NULL),
(234, 13, 540, 542, 8, NULL),
(235, 14, NULL, NULL, 8, 'Ex. Relative Clauses I'),
(236, 15, 542, 545, 8, NULL),
(237, 16, 546, 548, 8, NULL),
(238, 17, 549, 551, 8, NULL),
(239, 18, 552, 554, 8, NULL),
(240, 19, 555, 557, 8, NULL),
(241, 20, 558, 560, 8, NULL),
(242, 21, 561, 563, 8, NULL),
(243, 22, 564, 566, 8, NULL),
(244, 23, 567, 569, 8, NULL),
(245, 24, 570, 572, 8, NULL),
(246, 25, 573, 575, 8, NULL),
(247, 26, NULL, NULL, 8, NULL),
(248, 27, 575, 577, 8, NULL),
(249, 28, 578, 580, 8, NULL),
(250, 29, 581, 583, 8, NULL),
(251, 30, 584, 586, 8, NULL),
(252, 31, 587, 589, 8, NULL),
(253, 32, 590, 592, 8, NULL),
(254, 33, 593, 595, 8, NULL),
(255, 34, NULL, NULL, 8, NULL),
(256, 35, 596, 598, 8, NULL),
(257, 36, 599, 602, 8, NULL),
(258, 37, NULL, NULL, 8, NULL),
(259, 38, NULL, NULL, 8, NULL),
(260, 39, NULL, NULL, 8, 'Revision of Stg 7 / Part 1'),
(261, 40, NULL, NULL, 8, 'Revision of Stg 7 / Part 2'),
(262, 41, NULL, NULL, 8, 'Revision Exercise'),
(263, 42, NULL, NULL, 8, 'Test of Stg 7 / Grammar'),
(301, 1, 505, 507, 9, NULL),
(302, 2, 508, 510, 9, NULL),
(303, 3, 511, 513, 9, NULL),
(304, 4, 514, 516, 9, NULL),
(305, 5, 517, 519, 9, NULL),
(306, 6, 520, 522, 9, NULL),
(307, 7, 523, 525, 9, NULL),
(308, 8, 526, 528, 9, NULL),
(309, 9, 529, 531, 9, NULL),
(310, 10, 532, 534, 9, NULL),
(311, 11, 535, 537, 9, NULL),
(312, 12, 538, 539, 9, NULL),
(313, 13, 540, 542, 9, NULL),
(314, 14, NULL, NULL, 9, 'Ex. Relative Clauses I'),
(315, 15, 542, 545, 9, NULL),
(316, 16, 546, 548, 9, NULL),
(317, 17, 549, 551, 9, NULL),
(318, 18, 552, 554, 9, NULL),
(319, 19, 555, 557, 9, NULL),
(320, 20, 558, 560, 9, NULL),
(321, 21, 561, 563, 9, NULL),
(322, 22, 564, 566, 9, NULL),
(323, 23, 567, 569, 9, NULL),
(324, 24, 570, 572, 9, NULL),
(325, 25, 573, 575, 9, NULL),
(326, 26, NULL, NULL, 9, 'Ex. Indirect Speech'),
(327, 27, 575, 577, 9, NULL),
(328, 28, 578, 580, 9, NULL),
(329, 29, 581, 583, 9, NULL),
(330, 30, 584, 586, 9, NULL),
(331, 31, 587, 589, 9, NULL),
(332, 32, 590, 592, 9, NULL),
(333, 33, 593, 595, 9, NULL),
(334, 34, NULL, NULL, 9, 'Ex. Relative Clauses II'),
(335, 35, 596, 598, 9, ''),
(336, 36, 599, 602, 9, ''),
(337, 37, NULL, NULL, 9, 'Revision of Stg 7 / Part 1'),
(338, 38, NULL, NULL, 9, 'Revision of Stg 7 / Part 2'),
(339, 39, NULL, NULL, 9, 'Revision Exercise'),
(340, 40, NULL, NULL, 9, 'Test of Stg 7 / Grammar'),
(341, 41, NULL, NULL, 9, 'Test of Stg 7 / List. Writ.'),
(342, 42, NULL, NULL, 9, 'Test of Stg 7 / Oral'),
(443, 1, 697, 699, 10, NULL),
(444, 2, 700, 702, 10, NULL),
(445, 3, 703, 705, 10, NULL),
(446, 4, 706, 709, 10, NULL),
(447, 5, 710, 712, 10, NULL),
(448, 6, 713, 715, 10, NULL),
(449, 7, 716, 718, 10, NULL),
(450, 8, 719, 721, 10, NULL),
(451, 9, 722, 725, 10, NULL),
(452, 10, NULL, NULL, 10, 'Music Class I'),
(453, 11, 726, 728, 10, NULL),
(454, 12, 729, 731, 10, NULL),
(455, 13, 732, 734, 10, NULL),
(456, 14, 735, 737, 10, NULL),
(457, 15, 738, 741, 10, NULL),
(458, 16, 742, 744, 10, NULL),
(459, 17, 745, 747, 10, NULL),
(460, 18, 748, 750, 10, NULL),
(461, 19, 751, 753, 10, NULL),
(462, 20, NULL, NULL, 10, 'Interpretation Text'),
(463, 21, 754, 756, 10, NULL),
(464, 22, 757, 759, 10, NULL),
(465, 23, 760, 762, 10, NULL),
(466, 24, 763, 765, 10, NULL),
(467, 25, 766, 768, 10, NULL),
(468, 26, 769, 771, 10, NULL),
(469, 27, 772, 774, 10, NULL),
(470, 28, 775, 777, 10, NULL),
(471, 29, 778, 780, 10, NULL),
(472, 30, NULL, NULL, 10, 'Interpretation Text'),
(473, 31, 781, 783, 10, NULL),
(474, 32, 784, 786, 10, NULL),
(475, 33, 787, 789, 10, NULL),
(476, 34, 790, 792, 10, NULL),
(477, 35, 793, 795, 10, NULL),
(478, 36, 796, 797, 10, NULL),
(479, 37, 798, 800, 10, NULL),
(480, 38, 801, 803, 10, NULL),
(481, 39, 804, 806, 10, NULL),
(482, 40, 807, 809, 10, NULL),
(483, 41, 810, 812, 10, NULL),
(484, 42, 813, 815, 10, NULL),
(485, 43, 816, 818, 10, NULL),
(486, 44, 819, 822, 10, NULL),
(487, 45, NULL, NULL, 10, 'Revision of Stg 9 / Part 1'),
(488, 46, NULL, NULL, 10, 'Revision of Stg 9 / Part 2'),
(489, 47, NULL, NULL, 10, 'Revision Exercise'),
(490, 48, NULL, NULL, 10, 'Test Stg 9 / Grammar'),
(491, 49, NULL, NULL, 10, 'Test Stg 9 / List. Writ.'),
(492, 50, NULL, NULL, 10, 'Test Stg 9 / Oral'),
(540, 1, 823, NULL, 11, NULL),
(541, 2, 826, NULL, 11, NULL),
(542, 3, 829, NULL, 11, NULL),
(543, 4, 832, NULL, 11, NULL),
(544, 5, 835, NULL, 11, NULL),
(545, 6, 838, NULL, 11, NULL),
(546, 7, 840, NULL, 11, NULL),
(547, 8, 843, NULL, 11, NULL),
(548, 9, 846, NULL, 11, NULL),
(549, 10, 849, NULL, 11, NULL),
(550, 11, NULL, NULL, 11, NULL),
(551, 12, 852, NULL, 11, NULL),
(552, 13, 855, NULL, 11, NULL),
(553, 14, 858, NULL, 11, NULL),
(554, 15, 861, NULL, 11, NULL),
(555, 16, 864, NULL, 11, NULL),
(556, 17, 867, NULL, 11, NULL),
(557, 18, 870, NULL, 11, NULL),
(558, 19, 873, NULL, 11, NULL),
(559, 20, 876, NULL, 11, NULL),
(560, 21, NULL, NULL, 11, NULL),
(561, 22, 879, NULL, 11, NULL),
(562, 23, 882, NULL, 11, NULL),
(563, 24, 885, NULL, 11, NULL),
(564, 25, 888, NULL, 11, NULL),
(565, 26, 891, NULL, 11, NULL),
(566, 27, 894, NULL, 11, NULL),
(567, 28, 898, NULL, 11, NULL),
(568, 29, 901, NULL, 11, NULL),
(569, 30, 904, NULL, 11, NULL),
(570, 31, 907, NULL, 11, NULL),
(571, 32, 910, NULL, 11, NULL),
(572, 33, NULL, NULL, 11, NULL),
(573, 34, 913, NULL, 11, NULL),
(574, 35, 916, NULL, 11, NULL),
(575, 36, 919, NULL, 11, NULL),
(576, 37, 922, NULL, 11, NULL),
(577, 38, 925, NULL, 11, NULL),
(578, 39, 929, NULL, 11, NULL),
(579, 40, 932, NULL, 11, NULL),
(580, 41, 937, NULL, 11, NULL),
(581, 42, NULL, NULL, 11, 'Revision of Stg 10 / Part 1'),
(582, 43, NULL, NULL, 11, 'Revision of Stg 10 / Part 2'),
(583, 44, NULL, NULL, 11, 'Revision Exercise'),
(584, 45, NULL, NULL, 11, 'Test of Stg 10 / Grammar'),
(585, 46, NULL, NULL, 11, 'Test of Stg 10 / List. Writ.'),
(586, 47, NULL, NULL, 11, 'Test of Stg 10 / Oral'),
(587, 1, 941, 943, 12, NULL),
(588, 2, 944, 946, 12, NULL),
(589, 3, 947, 949, 12, NULL),
(590, 4, 950, 952, 12, NULL),
(591, 5, 953, 955, 12, NULL),
(592, 6, 956, 958, 12, NULL),
(593, 7, 959, 960, 12, NULL),
(594, 8, 961, 963, 12, NULL),
(595, 9, 964, 966, 12, NULL),
(596, 10, 967, 970, 12, NULL),
(597, 11, 971, 973, 12, NULL),
(598, 12, 974, 976, 12, NULL),
(599, 13, 977, 978, 12, NULL),
(600, 14, 979, 981, 12, NULL),
(601, 15, 982, 984, 12, NULL),
(602, 16, 985, 987, 12, NULL),
(603, 17, 988, 991, 12, NULL),
(604, 18, 992, 994, 12, NULL),
(605, 19, 995, 997, 12, NULL),
(606, 20, 998, 1000, 12, NULL),
(607, 21, 1001, 1003, 12, NULL),
(608, 22, 1004, 1006, 12, NULL),
(609, 23, 1007, 1009, 12, NULL),
(610, 24, 1010, 1012, 12, NULL),
(611, 25, 1013, 1015, 12, NULL),
(612, 26, 1016, 1018, 12, NULL),
(613, 27, 1019, 1021, 12, NULL),
(614, 28, 1022, 1024, 12, NULL),
(615, 29, 1025, 1027, 12, NULL),
(616, 30, 1028, 1030, 12, NULL),
(617, 31, 1031, 1033, 12, NULL),
(618, 32, 1034, 1036, 12, NULL),
(619, 33, 1037, 1039, 12, NULL),
(620, 34, 1040, 1042, 12, NULL),
(621, 35, 1043, 1045, 12, NULL),
(622, 36, 1046, 1048, 12, NULL),
(623, 37, 1049, 1051, 12, NULL),
(624, 38, 1052, 1054, 12, NULL),
(625, 39, 1055, 1057, 12, NULL),
(626, 40, 1058, 1060, 12, NULL),
(627, 41, 1061, 1063, 12, NULL),
(628, 42, 1064, 1066, 12, NULL),
(629, 43, 1067, 1068, 12, NULL),
(630, 44, NULL, NULL, 12, 'Revision Stg 11 / Part 1'),
(631, 45, NULL, NULL, 12, 'Revision Stg 11 / Part 2'),
(632, 1, 1075, 1077, 13, NULL),
(633, 2, 1078, 1080, 13, NULL),
(634, 3, 1081, 1083, 13, NULL),
(635, 4, 1084, 1086, 13, NULL),
(636, 5, 1087, 1089, 13, NULL),
(637, 6, 1090, 1092, 13, NULL),
(638, 7, 1093, 1095, 13, NULL),
(639, 8, 1096, 1098, 13, NULL),
(640, 9, 1099, 1102, 13, NULL),
(641, 10, 1103, 1105, 13, NULL),
(642, 11, 1106, 1108, 13, NULL),
(643, 12, 1109, 1111, 13, NULL),
(644, 13, 1112, 1114, 13, NULL),
(645, 14, 1115, 1117, 13, NULL),
(646, 15, 1118, 1120, 13, NULL),
(647, 16, 1121, 1123, 13, NULL),
(648, 17, 1124, 1126, 13, NULL),
(649, 18, 1127, 1129, 13, NULL),
(650, 19, 1130, 1132, 13, NULL),
(651, 20, 1133, 1135, 13, NULL),
(652, 21, 1136, 1138, 13, NULL),
(653, 22, 1139, 1142, 13, NULL),
(654, 23, 1143, 1146, 13, NULL),
(655, 24, 1147, 1149, 13, NULL),
(656, 25, 1150, 1152, 13, NULL),
(657, 26, 1153, 1155, 13, NULL),
(658, 27, 1156, 1158, 13, NULL),
(659, 28, 1159, 1161, 13, NULL),
(660, 29, 1162, 1164, 13, NULL),
(661, 30, 1165, 1167, 13, NULL),
(662, 31, 1168, 1170, 13, NULL),
(663, 32, 1171, 1173, 13, NULL),
(664, 33, 1174, 1176, 13, NULL),
(665, 34, 1177, 1179, 13, NULL),
(666, 35, 1180, 1182, 13, NULL),
(667, 36, 1183, 1185, 13, NULL),
(668, 37, 1186, 1188, 13, NULL),
(669, 38, 1189, 1191, 13, NULL),
(670, 39, 1192, 1194, 13, NULL),
(671, 40, 1195, 1197, 13, NULL),
(672, 41, 1198, 1201, 13, NULL),
(673, 42, NULL, NULL, 13, 'Revision Stg 12 / Part 1'),
(674, 43, NULL, NULL, 13, 'Revision Stg 12 / Part 2'),
(675, 44, NULL, NULL, 13, 'Revision Exercise'),
(676, 45, NULL, NULL, 13, 'Test stg 12 / Grammar'),
(677, 46, NULL, NULL, 13, 'Test stg 12 / List. Writ.'),
(678, 47, NULL, NULL, 13, 'Test stg 12 / Oral');

-- --------------------------------------------------------

--
-- Estrutura da tabela `rating_aulas`
--

DROP TABLE IF EXISTS `rating_aulas`;
CREATE TABLE IF NOT EXISTS `rating_aulas` (
  `IdRatingAula` int(11) NOT NULL AUTO_INCREMENT,
  `Rate` double NOT NULL,
  `Feedback` varchar(255) DEFAULT NULL,
  `IdUsuario` int(11) DEFAULT NULL,
  `IdAula` int(11) NOT NULL,
  PRIMARY KEY (`IdRatingAula`),
  KEY `IdAulaRatingAulas_idx` (`IdAula`)
) ENGINE=InnoDB DEFAULT CHARSET=utf8;

-- --------------------------------------------------------

--
-- Estrutura da tabela `responsaveis`
--

DROP TABLE IF EXISTS `responsaveis`;
CREATE TABLE IF NOT EXISTS `responsaveis` (
  `id` int(11) NOT NULL AUTO_INCREMENT,
  `nome` varchar(100) NOT NULL,
  `telefone` varchar(20) DEFAULT NULL,
  `celular` varchar(20) DEFAULT NULL,
  `aluno` int(11) NOT NULL,
  PRIMARY KEY (`id`),
  KEY `responsaveis_ibfk_1` (`aluno`)
) ENGINE=InnoDB DEFAULT CHARSET=latin1;

-- --------------------------------------------------------

--
-- Estrutura da tabela `roles`
--

DROP TABLE IF EXISTS `roles`;
CREATE TABLE IF NOT EXISTS `roles` (
  `roleId` int(11) NOT NULL AUTO_INCREMENT,
  `roleNome` varchar(50) CHARACTER SET utf8 NOT NULL,
  PRIMARY KEY (`roleId`)
) ENGINE=InnoDB AUTO_INCREMENT=5 DEFAULT CHARSET=utf8mb4 COLLATE=utf8mb4_unicode_ci;

--
-- Extraindo dados da tabela `roles`
--

INSERT INTO `roles` (`roleId`, `roleNome`) VALUES
(1, 'Administrador'),
(2, 'Funcionário'),
(3, 'Professor'),
(4, 'Aluno');

-- --------------------------------------------------------

--
-- Estrutura da tabela `roles_modulos`
--

DROP TABLE IF EXISTS `roles_modulos`;
CREATE TABLE IF NOT EXISTS `roles_modulos` (
  `IdRoleModulo` int(11) NOT NULL AUTO_INCREMENT,
  `RoleId` int(11) NOT NULL,
  `ModuloId` int(11) NOT NULL,
  PRIMARY KEY (`IdRoleModulo`),
  KEY `RoleId_idx` (`RoleId`),
  KEY `ModuloId_idx` (`ModuloId`)
) ENGINE=InnoDB AUTO_INCREMENT=9 DEFAULT CHARSET=utf8;

--
-- Extraindo dados da tabela `roles_modulos`
--

INSERT INTO `roles_modulos` (`IdRoleModulo`, `RoleId`, `ModuloId`) VALUES
(1, 1, 1),
(2, 1, 2),
(3, 1, 3),
(4, 1, 4),
(5, 2, 1),
(6, 2, 2),
(7, 2, 3),
(8, 2, 4);

-- --------------------------------------------------------

--
-- Estrutura da tabela `role_usuarios`
--

DROP TABLE IF EXISTS `role_usuarios`;
CREATE TABLE IF NOT EXISTS `role_usuarios` (
  `roleUsuariosId` int(11) NOT NULL AUTO_INCREMENT,
  `usuarioId` int(11) NOT NULL,
  `roleId` int(11) NOT NULL,
  PRIMARY KEY (`roleUsuariosId`),
  KEY `usuarioId_idx` (`usuarioId`),
  KEY `role_idx` (`roleId`)
) ENGINE=InnoDB AUTO_INCREMENT=46 DEFAULT CHARSET=latin1;

--
-- Extraindo dados da tabela `role_usuarios`
--

INSERT INTO `role_usuarios` (`roleUsuariosId`, `usuarioId`, `roleId`) VALUES
(35, 1, 3),
(36, 2, 2),
(38, 3, 2),
(39, 5, 3),
(42, 8, 4),
(43, 9, 4),
(44, 10, 3),
(45, 11, 2);

-- --------------------------------------------------------

--
-- Estrutura da tabela `situacoes_de_contratos`
--

DROP TABLE IF EXISTS `situacoes_de_contratos`;
CREATE TABLE IF NOT EXISTS `situacoes_de_contratos` (
  `id` int(11) NOT NULL AUTO_INCREMENT,
  `nome` varchar(100) CHARACTER SET utf8 DEFAULT NULL,
  `descricao` varchar(255) CHARACTER SET utf8 DEFAULT NULL,
  PRIMARY KEY (`id`),
  UNIQUE KEY `nome` (`nome`)
) ENGINE=InnoDB AUTO_INCREMENT=3 DEFAULT CHARSET=latin1;

--
-- Extraindo dados da tabela `situacoes_de_contratos`
--

INSERT INTO `situacoes_de_contratos` (`id`, `nome`, `descricao`) VALUES
(1, 'Vigente', 'Contrato em andamento atualmente. Os alunos ativos devem ter pelo menos um contrato vigente. '),
(2, 'Encerrado', 'O contrato foi cumprido normalmente e chegou ao seu término. Após encerrado o contrato não é possível realizar movimentações adicionais. ');

-- --------------------------------------------------------

--
-- Estrutura da tabela `situacoes_de_parcelas`
--

DROP TABLE IF EXISTS `situacoes_de_parcelas`;
CREATE TABLE IF NOT EXISTS `situacoes_de_parcelas` (
  `id` int(11) NOT NULL AUTO_INCREMENT,
  `nome` varchar(45) NOT NULL,
  PRIMARY KEY (`id`),
  UNIQUE KEY `nome_UNIQUE` (`nome`)
) ENGINE=InnoDB AUTO_INCREMENT=4 DEFAULT CHARSET=utf8;

--
-- Extraindo dados da tabela `situacoes_de_parcelas`
--

INSERT INTO `situacoes_de_parcelas` (`id`, `nome`) VALUES
(3, 'Cancelada'),
(1, 'Pendente'),
(2, 'Quitada');

-- --------------------------------------------------------

--
-- Estrutura da tabela `tipos_de_contratos`
--

DROP TABLE IF EXISTS `tipos_de_contratos`;
CREATE TABLE IF NOT EXISTS `tipos_de_contratos` (
  `id` int(11) NOT NULL AUTO_INCREMENT,
  `nome` varchar(100) CHARACTER SET utf8 NOT NULL,
  PRIMARY KEY (`id`),
  UNIQUE KEY `nome` (`nome`)
) ENGINE=InnoDB AUTO_INCREMENT=3 DEFAULT CHARSET=latin1;

--
-- Extraindo dados da tabela `tipos_de_contratos`
--

INSERT INTO `tipos_de_contratos` (`id`, `nome`) VALUES
(1, 'Matrícula'),
(2, 'Rematrícula');

-- --------------------------------------------------------

--
-- Estrutura da tabela `turmas`
--

DROP TABLE IF EXISTS `turmas`;
CREATE TABLE IF NOT EXISTS `turmas` (
  `id` int(11) NOT NULL AUTO_INCREMENT,
  `nome` varchar(100) NOT NULL,
  `situacao` tinyint(4) NOT NULL,
  `professor` int(11) DEFAULT NULL,
  `estagio` varchar(45) NOT NULL,
  `curso` int(11) NOT NULL,
  `horario` varchar(45) NOT NULL,
  `maximoDeAlunos` int(11) DEFAULT NULL,
  `sala` varchar(45) NOT NULL,
  `dataInicio` date NOT NULL,
  `dataTermino` date NOT NULL,
  `ultimaPalavra` varchar(45) DEFAULT NULL,
  `ultimaLicao` int(11) DEFAULT NULL,
  `ultimoDitado` int(11) DEFAULT NULL,
  `minimoAlunos` int(11) NOT NULL,
  `duracaoAula` int(11) NOT NULL,
  PRIMARY KEY (`id`),
  UNIQUE KEY `nome` (`nome`),
  KEY `professor` (`professor`),
  KEY `curso` (`curso`)
) ENGINE=InnoDB AUTO_INCREMENT=3 DEFAULT CHARSET=utf8;

--
-- Extraindo dados da tabela `turmas`
--

INSERT INTO `turmas` (`id`, `nome`, `situacao`, `professor`, `estagio`, `curso`, `horario`, `maximoDeAlunos`, `sala`, `dataInicio`, `dataTermino`, `ultimaPalavra`, `ultimaLicao`, `ultimoDitado`, `minimoAlunos`, `duracaoAula`) VALUES
(2, 'London', 2, 58, '2', 1, 'Seg-Ter-Qua-Qui-Sex(18:00/18:50)', NULL, 'England', '2018-10-01', '2019-10-01', NULL, NULL, NULL, 10, 50);

-- --------------------------------------------------------

--
-- Estrutura da tabela `usuarios`
--

DROP TABLE IF EXISTS `usuarios`;
CREATE TABLE IF NOT EXISTS `usuarios` (
  `usuarioId` int(11) NOT NULL AUTO_INCREMENT,
  `matricula` varchar(255) NOT NULL,
  `senha` varchar(255) NOT NULL,
  `tipoUsuario` varchar(45) NOT NULL,
  PRIMARY KEY (`usuarioId`),
  UNIQUE KEY `matricula_UNIQUE` (`matricula`),
  UNIQUE KEY `usuarioId_UNIQUE` (`usuarioId`)
) ENGINE=InnoDB AUTO_INCREMENT=11 DEFAULT CHARSET=latin1;

--
-- Extraindo dados da tabela `usuarios`
--

INSERT INTO `usuarios` (`usuarioId`, `matricula`, `senha`, `tipoUsuario`) VALUES
(3, '2018-55', '8bb0cf6eb9b17d0f7d22b456f121257dc1254e1f01665370476383ea776df414', 'f'),
(10, '2018-58', '8bb0cf6eb9b17d0f7d22b456f121257dc1254e1f01665370476383ea776df414', 'f');

--
-- Constraints for dumped tables
--

--
-- Limitadores para a tabela `aulas`
--
ALTER TABLE `aulas`
  ADD CONSTRAINT `IdProfessor` FOREIGN KEY (`Professor`) REFERENCES `funcionarios` (`id`) ON DELETE NO ACTION ON UPDATE NO ACTION,
  ADD CONSTRAINT `IdProgramacaoEstagio` FOREIGN KEY (`IdProgramacaoEstagio`) REFERENCES `programacao_estagios` (`IdProgramacao_Estagio`) ON DELETE NO ACTION ON UPDATE NO ACTION,
  ADD CONSTRAINT `IdTurma` FOREIGN KEY (`IdTurma`) REFERENCES `turmas` (`id`) ON DELETE NO ACTION ON UPDATE NO ACTION,
  ADD CONSTRAINT `Pagina` FOREIGN KEY (`Pagina`) REFERENCES `paginas` (`IdPagina`) ON DELETE NO ACTION ON UPDATE NO ACTION;

--
-- Limitadores para a tabela `contratos`
--
ALTER TABLE `contratos`
  ADD CONSTRAINT `contratos_ibfk_1` FOREIGN KEY (`aluno`) REFERENCES `alunos` (`id`) ON DELETE CASCADE ON UPDATE CASCADE,
  ADD CONSTRAINT `contratos_ibfk_2` FOREIGN KEY (`situacao`) REFERENCES `situacoes_de_contratos` (`id`),
  ADD CONSTRAINT `contratos_ibfk_3` FOREIGN KEY (`tipo`) REFERENCES `tipos_de_contratos` (`id`),
  ADD CONSTRAINT `contratos_ibfk_4` FOREIGN KEY (`atendente1`) REFERENCES `funcionarios` (`id`),
  ADD CONSTRAINT `contratos_ibfk_5` FOREIGN KEY (`atendente2`) REFERENCES `funcionarios` (`id`),
  ADD CONSTRAINT `contratos_ibfk_6` FOREIGN KEY (`atendente3`) REFERENCES `funcionarios` (`id`),
  ADD CONSTRAINT `contratos_ibfk_7` FOREIGN KEY (`matricula`) REFERENCES `matriculas` (`id`),
  ADD CONSTRAINT `contratos_ibfk_8` FOREIGN KEY (`contratante`) REFERENCES `responsaveis` (`id`);

--
-- Limitadores para a tabela `estagios`
--
ALTER TABLE `estagios`
  ADD CONSTRAINT `IdLivro` FOREIGN KEY (`IdLivro`) REFERENCES `livros` (`IdLivro`) ON DELETE NO ACTION ON UPDATE CASCADE,
  ADD CONSTRAINT `estagios_ibfk_1` FOREIGN KEY (`curso`) REFERENCES `cursos` (`id`);

--
-- Limitadores para a tabela `juros_de_operadores_de_cartao`
--
ALTER TABLE `juros_de_operadores_de_cartao`
  ADD CONSTRAINT `operadora_de_cartao` FOREIGN KEY (`operadora_de_cartao`) REFERENCES `operadoras_de_cartao` (`id`) ON DELETE NO ACTION ON UPDATE CASCADE;

--
-- Limitadores para a tabela `matriculas`
--
ALTER TABLE `matriculas`
  ADD CONSTRAINT `matriculas_ibfk_1` FOREIGN KEY (`aluno`) REFERENCES `alunos` (`id`) ON DELETE CASCADE ON UPDATE CASCADE,
  ADD CONSTRAINT `matriculas_ibfk_2` FOREIGN KEY (`turma`) REFERENCES `turmas` (`id`);

--
-- Limitadores para a tabela `paginas`
--
ALTER TABLE `paginas`
  ADD CONSTRAINT `IdLivroPagina` FOREIGN KEY (`IdLivro`) REFERENCES `livros` (`IdLivro`) ON DELETE NO ACTION ON UPDATE CASCADE;

--
-- Limitadores para a tabela `parcelas`
--
ALTER TABLE `parcelas`
  ADD CONSTRAINT `aluno` FOREIGN KEY (`aluno`) REFERENCES `alunos` (`id`) ON DELETE NO ACTION ON UPDATE CASCADE,
  ADD CONSTRAINT `bandeira` FOREIGN KEY (`operadora_de_cartao`) REFERENCES `operadoras_de_cartao` (`id`) ON DELETE NO ACTION ON UPDATE NO ACTION,
  ADD CONSTRAINT `categoria` FOREIGN KEY (`categoria`) REFERENCES `parcelas_categorias` (`id`) ON DELETE NO ACTION ON UPDATE CASCADE,
  ADD CONSTRAINT `forma_de_cobranca` FOREIGN KEY (`forma_de_cobranca`) REFERENCES `formas_de_cobrancas` (`id`) ON DELETE NO ACTION ON UPDATE CASCADE,
  ADD CONSTRAINT `situacao_parcela` FOREIGN KEY (`situacao_parcela`) REFERENCES `situacoes_de_parcelas` (`nome`) ON DELETE NO ACTION ON UPDATE CASCADE;

--
-- Limitadores para a tabela `programacao_estagios`
--
ALTER TABLE `programacao_estagios`
  ADD CONSTRAINT `IdEstagio_Programacao_Estagios` FOREIGN KEY (`IdEstagio`) REFERENCES `estagios` (`id`) ON DELETE NO ACTION ON UPDATE CASCADE;

--
-- Limitadores para a tabela `rating_aulas`
--
ALTER TABLE `rating_aulas`
  ADD CONSTRAINT `IdAulaRatingAulas` FOREIGN KEY (`IdAula`) REFERENCES `aulas` (`IdAula`) ON DELETE NO ACTION ON UPDATE CASCADE;

--
-- Limitadores para a tabela `responsaveis`
--
ALTER TABLE `responsaveis`
  ADD CONSTRAINT `responsaveis_ibfk_1` FOREIGN KEY (`aluno`) REFERENCES `alunos` (`id`) ON DELETE CASCADE ON UPDATE CASCADE;

--
-- Limitadores para a tabela `roles_modulos`
--
ALTER TABLE `roles_modulos`
  ADD CONSTRAINT `ModuloIdRolesModulos` FOREIGN KEY (`ModuloId`) REFERENCES `modulos` (`IdModulo`) ON DELETE NO ACTION ON UPDATE CASCADE,
  ADD CONSTRAINT `RoleIdRolesModulos` FOREIGN KEY (`RoleId`) REFERENCES `roles` (`roleId`) ON DELETE NO ACTION ON UPDATE CASCADE;

--
-- Limitadores para a tabela `role_usuarios`
--
ALTER TABLE `role_usuarios`
  ADD CONSTRAINT `roleId` FOREIGN KEY (`roleId`) REFERENCES `roles` (`roleId`) ON DELETE NO ACTION ON UPDATE CASCADE,
  ADD CONSTRAINT `usuarioId` FOREIGN KEY (`usuarioId`) REFERENCES `usuarios` (`usuarioId`) ON DELETE NO ACTION ON UPDATE CASCADE;

--
-- Limitadores para a tabela `turmas`
--
ALTER TABLE `turmas`
  ADD CONSTRAINT `turmas_ibfk_1` FOREIGN KEY (`professor`) REFERENCES `funcionarios` (`id`),
  ADD CONSTRAINT `turmas_ibfk_2` FOREIGN KEY (`curso`) REFERENCES `cursos` (`id`);
COMMIT;

/*!40101 SET CHARACTER_SET_CLIENT=@OLD_CHARACTER_SET_CLIENT */;
/*!40101 SET CHARACTER_SET_RESULTS=@OLD_CHARACTER_SET_RESULTS */;
/*!40101 SET COLLATION_CONNECTION=@OLD_COLLATION_CONNECTION */;
